skill,label
html,web_tasarim
javascript,web_tasarim
jquery,web_tasarim
github,web_tasarim
photoshop illustrator,web_tasarim
wordpress,web_tasarim
mysql,web_tasarim
html,web_tasarim
javascript,web_tasarim
raporlama,web_tasarim
veri analizi,web_tasarim
office programlari,web_tasarim
ekip calismasi,web_tasarim
google analytics,web_tasarim
wordpress,web_tasarim
mysql,web_tasarim
html,web_tasarim
digital pazarlama,web_tasarim
analitik dusunen,web_tasarim
html,web_tasarim
angular,web_tasarim
jquery,web_tasarim
fronted development,web_tasarim
bootstrap,web_tasarim
react,web_tasarim
photoshop,web_tasarim
react,web_tasarim
javascript,web_tasarim
fronted developer,web_tasarim
html,web_tasarim
javascript,web_tasarim
jquery,web_tasarim
bootstrap,web_tasarim
html,web_tasarim
photoshop,web_tasarim
iletisimi kuvvetli,web_tasarim
veri tabani,web_tasarim
core angular,web_tasarim
node elasticsearch,web_tasarim
scrum,web_tasarim
html,web_tasarim
jquery,web_tasarim
javascript,web_tasarim
bootstrap,web_tasarim
smarty twig blade,web_tasarim
hosting,web_tasarim
photoshop sketch,web_tasarim
fronted developer,web_tasarim
javascript,web_tasarim
jquery,web_tasarim
html,web_tasarim
mysql,web_tasarim
webapi,web_tasarim
sketch invision adobe photoshop adobe illustrator,web_tasarim
analitik dusunen,web_tasarim
birden fazla is yuruten,web_tasarim
ekip calismasi,web_tasarim
html,web_tasarim
react native,web_tasarim
mysql,web_tasarim
javascript,web_tasarim
grafik tasarim,web_tasarim
html,web_tasarim
javascript,web_tasarim
bootstrap,web_tasarim
angularjs,web_tasarim
grunt gulp,web_tasarim
html,web_tasarim
jquery,web_tasarim
responsive design,web_tasarim
ingilizce,web_tasarim
ekip calismasi,web_tasarim
digital pazarlama,web_tasarim
arastirmayi seven,web_tasarim
isletim sistemleri,web_tasarim
hosting domain yonetimi,web_tasarim
raporlam,web_tasarim
gorsel gucu yuksek,web_tasarim
sosyal medya,web_tasarim
html,web_tasarim
javascript,web_tasarim
mysql,web_tasarim
google analytics,web_tasarim
responsive mobil tasarim,web_tasarim
image editor,web_tasarim
html,web_tasarim
javascript,web_tasarim
bootstrap,web_tasarim
jquery,web_tasarim
ticaret sitesi yonetimi,web_tasarim
mysql,web_tasarim
ajax json,web_tasarim
grafik tasarim,web_tasarim
html,web_tasarim
bootstrap,web_tasarim
wordpress,web_tasarim
mobile responsive,web_tasarim
adobe dreamweaver,web_tasarim
photoshop illustrator indesign after effects,web_tasarim
ekip calismasi,web_tasarim
ticaret,web_tasarim
ingilizce,web_tasarim
sorumluluk sahibi,web_tasarim
python django,web_tasarim
linux gentoo ubuntu,web_tasarim
mysql,web_tasarim
postgresql,web_tasarim
proxy sunucularina hakimiyet,web_tasarim
github,web_tasarim
raporlama,web_tasarim
html,web_tasarim
jquery,web_tasarim
responsive design,web_tasarim
wordpress,web_tasarim
video icerik olusturabilme,web_tasarim
isletim sistemleri,web_tasarim
gorsel duzenleme,web_tasarim
digital pazarlama,web_tasarim
tasarim,web_tasarim
html,web_tasarim
javascript,web_tasarim
ingilizce,web_tasarim
site tasarimi,web_tasarim
sosyal medya,web_tasarim
iletisimi kuvvetli,web_tasarim
office programlari,web_tasarim
react,web_tasarim
redux,web_tasarim
javascript,web_tasarim
analitik dusunebilen,web_tasarim
ingilizce,web_tasarim
sorumluluk sahibi,web_tasarim
kendini gelistiren,web_tasarim
fronted developer,web_tasarim
angular,web_tasarim
javascript,web_tasarim
jquery,web_tasarim
bootstrap,web_tasarim
html,web_tasarim
zeplin,web_tasarim
tasarim,web_tasarim
html,web_tasarim
javascript,web_tasarim
html,web_tasarim
javascript,web_tasarim
jquery,web_tasarim
ingilizce,web_tasarim
veri tabani,web_tasarim
sorumluluk sahibi,web_tasarim
analitik dusunen,web_tasarim
dokumantasyon,web_tasarim
raporlama,web_tasarim
full stack developer,web_tasarim
nesneye dayali kodlama,web_tasarim
microsoft entity framework,web_tasarim
design patterns,web_tasarim
html,web_tasarim
javascript,web_tasarim
jquery,web_tasarim
angularjs,web_tasarim
ajax,web_tasarim
responsive design framework,web_tasarim
mysql,web_tasarim
mssql,web_tasarim
mongo,web_tasarim
ingilizce,web_tasarim
javascript,web_tasarim
html,web_tasarim
bootstrap,web_tasarim
google analytics,web_tasarim
responsive adaptive tasarim,web_tasarim
wordpress,web_tasarim
html,web_tasarim
javascript,web_tasarim
cpanel plesk hosting,web_tasarim
visual studio,web_tasarim
photoshop coreldraw,web_tasarim
grafiksel analiz tasarim,web_tasarim
ingilizce,web_tasarim
sorumluluk sahibi,web_tasarim
veritabani,web_tasarim
html,web_tasarim
javascript,web_tasarim
jquery,web_tasarim
bootstrap,web_tasarim
guler yuzlu,web_tasarim
bulut,web_tasarim
tsql,web_tasarim
jquery,web_tasarim
yorum satiri yazan,web_tasarim
ingilizce,web_tasarim
html,web_tasarim
javascript,web_tasarim
jquery,web_tasarim
bootstrap,web_tasarim
analitik dusunme,web_tasarim
yazili sozlu iletisim becerileri gelismis,web_tasarim
ekip calismasi,web_tasarim
postgresql,web_tasarim
mysql,web_tasarim
visual studio,web_tasarim
veri tabani,web_tasarim
nesneye dayali kodlama,web_tasarim
muhasebe,web_tasarim
finans,web_tasarim
ingilizce,web_tasarim
tecrubeli,web_tasarim
html,web_tasarim
json,web_tasarim
bootstrap,web_tasarim
linux,web_tasarim
kendini gelistiren,web_tasarim
veri tabani,web_tasarim
ekip calismasi,web_tasarim
python,web_tasarim
react,web_tasarim
kendini gelistiren,web_tasarim
inglizce,web_tasarim
raporlama,web_tasarim
django,web_tasarim
laravel,web_tasarim
javascript,web_tasarim
ticaret,web_tasarim
html,web_tasarim
javascript,web_tasarim
mysql,web_tasarim
jquery,web_tasarim
ajax,web_tasarim
json,web_tasarim
angular,web_tasarim
cpanel plesk hosting,web_tasarim
google analystics,web_tasarim
ingilizce,web_tasarim
kendini gelistiren,web_tasarim
cozum odakli,web_tasarim
html,web_tasarim
frontend,web_tasarim
html,web_tasarim
ajax,web_tasarim
typescript,web_tasarim
sass,web_tasarim
less processor,web_tasarim
java,web_tasarim
kotlin server,web_tasarim
photoshop illustrator,web_tasarim
mysql,web_tasarim
javascript,web_tasarim
ajax,web_tasarim
jquery,web_tasarim
html,web_tasarim
bootstrap,web_tasarim
html,web_tasarim
mysql,web_tasarim
ingilizce,web_tasarim
analitik dusunen,web_tasarim
iletisim becerilerine sahip,web_tasarim
linux centos,web_tasarim
json,web_tasarim
guvenlik,web_tasarim
html,web_tasarim
json,web_tasarim
bootstrap,web_tasarim
jquery,web_tasarim
angular,web_tasarim
google analystics,web_tasarim
cpanel plesk hosting,web_tasarim
adobe photoshop,web_tasarim
ingilizce,web_tasarim
veri tabani,web_tasarim
guler yuzlu,web_tasarim
frontend,web_tasarim
javascript,web_tasarim
angular,web_tasarim
ingilizce,web_tasarim
html,web_tasarim
bitbucket,web_tasarim
ajax,web_tasarim
makine ogrenmesi,web_tasarim
derin ogrenme,web_tasarim
java,web_tasarim
python,web_tasarim
django,web_tasarim
google cloud,web_tasarim
javascript,web_tasarim
jquery,web_tasarim
html,web_tasarim
adobe photoshop,web_tasarim
ingilizce,web_tasarim
kendini gelistiren,web_tasarim
iletisim becerine sahip,web_tasarim
digital ajans,web_tasarim
ingilizce,web_tasarim
analitik dusunen,web_tasarim
veri tabani,web_tasarim
raporlama,web_tasarim
html,web_tasarim
javascript,web_tasarim
jquery,web_tasarim
bootstrap,web_tasarim
skeleton kutuphanesi,web_tasarim
sass less islemci kutuphanelsi,web_tasarim
photoshop,web_tasarim
visual studio,web_tasarim
iletisim becerine sahip,web_tasarim
icerik yonetim sistemleri,web_tasarim
javascript,web_tasarim
react,web_tasarim
mobil uygulama,web_tasarim
nesneye dayali kodlama,web_tasarim
veri tabani,web_tasarim
analitik dusunen,web_tasarim
grafik tasarim,web_tasarim
adobe illustrator,web_tasarim
adobe photoshop,web_tasarim
adobe indesign,web_tasarim
html,web_tasarim
adobe premiere dreamweaver,web_tasarim
adobe after effects,web_tasarim
kendini gelistiren,web_tasarim
javascript,web_tasarim
veri guvenligi,web_tasarim
nosql,web_tasarim
html,web_tasarim
ingilizce,web_tasarim
angular,web_tasarim
react,web_tasarim
typescript,web_tasarim
iletisimi kuvvetli,web_tasarim
ekip calismasi,web_tasarim
html,web_tasarim
marka tasarimi,web_tasarim
photoshop illustrator,web_tasarim
html,web_tasarim
jquery,web_tasarim
javascript,web_tasarim
responsive layout,web_tasarim
xhtml,web_tasarim
html,web_tasarim
ajax,web_tasarim
javascript,web_tasarim
responsive,web_tasarim
mssql,web_tasarim
java,web_tasarim
swift,web_tasarim
android studio,web_tasarim
xcode,web_tasarim
analitik dusunen,web_tasarim
json,web_tasarim
ingilizce,web_tasarim
html,web_tasarim
ajax,web_tasarim
mysql,web_tasarim
jquery,web_tasarim
bootstrap,web_tasarim
wordpress,web_tasarim
linux,web_tasarim
rest,web_tasarim
soap,web_tasarim
json,web_tasarim
javascript,web_tasarim
html,web_tasarim
wordpress,web_tasarim
office programlari,web_tasarim
adobe photoshop,web_tasarim
adope fireworks,web_tasarim
sketch,web_tasarim
sosyal medya,web_tasarim
grafik tasarim,web_tasarim
html,web_tasarim
online ticaret,web_tasarim
javascript,web_tasarim
html,web_tasarim
devexpress,web_tasarim
raporlama,web_tasarim
ingilizce,web_tasarim
html,web_tasarim
xhtml,web_tasarim
http,web_tasarim
json,web_tasarim
ajax,web_tasarim
javascript,web_tasarim
jquery,web_tasarim
guvenlik,web_tasarim
mysql,web_tasarim
json,web_tasarim
html,web_tasarim
tasarim,web_tasarim
bootstrap,web_tasarim
photoshop,web_tasarim
ingilizce,web_tasarim
ticaret,web_tasarim
kategori duzenleme,web_tasarim
html,web_tasarim
ingilizce,web_tasarim
photoshop,web_tasarim
fireworks dreamwevar,web_tasarim
html,web_tasarim
wordpress,web_tasarim
bootstrap,web_tasarim
html,web_tasarim
react,web_tasarim
redux,web_tasarim
nodejs,web_tasarim
extreact,web_tasarim
coffeescript,web_tasarim
typescript,web_tasarim
less,web_tasarim
sass,web_tasarim
soap,web_tasarim
rest,web_tasarim
html javascript,web_tasarim
react,web_tasarim
fonksiyonel programlama,web_tasarim
devops,web_tasarim
rest,web_tasarim
graphql,web_tasarim
node,web_tasarim
json,web_tasarim
javascript,web_tasarim
ecmascript,web_tasarim
typescript,web_tasarim
sass,web_tasarim
less,web_tasarim
postcss,web_tasarim
react,web_tasarim
javascript,web_tasarim
versiyon kontrol,web_tasarim
ingilizce,web_tasarim
guvenlik,web_tasarim
full stack,web_tasarim
nesneye dayali programlama,web_tasarim
html,web_tasarim
javascript,web_tasarim
nosql,web_tasarim
javascript,web_tasarim
angularjs,web_tasarim
react,web_tasarim
knockout,web_tasarim
backbone,web_tasarim
html,web_tasarim
jquery,web_tasarim
react,web_tasarim
typscript,web_tasarim
less,web_tasarim
sass,web_tasarim
responsive,web_tasarim
inglizce,web_tasarim
frontend developer,web_tasarim
html,web_tasarim
bootstrap,web_tasarim
javascript,web_tasarim
jquery,web_tasarim
typescript,web_tasarim
angularjs,web_tasarim
html,web_tasarim
javascript,web_tasarim
json,web_tasarim
jquery,web_tasarim
soap,web_tasarim
photoshop illustrator,web_tasarim
wordpress,web_tasarim
html,web_tasarim
cpanel,web_tasarim
javascript,web_tasarim
react,web_tasarim
typescript,web_tasarim
html,web_tasarim
restful apis,web_tasarim
sass,web_tasarim
less,web_tasarim
javascript,web_tasarim
jquery,web_tasarim
ajax,web_tasarim
soap,web_tasarim
rest,web_tasarim
json,web_tasarim
ingilizce,web_tasarim
html sass,web_tasarim
modern javascript,web_tasarim
react,web_tasarim
redux,web_tasarim
vuex,web_tasarim
photoshop sketch,web_tasarim
yazilim gelistirme,web_tasarim
gorsel tasarim,web_tasarim
wordpress,web_tasarim
html,web_tasarim
office programlari,is_analizi_raporlama
microsoft axapta,is_analizi_raporlama
iletisim becerilerine sahip,is_analizi_raporlama
kendini gelistiren,is_analizi_raporlama
veri analizi,is_analizi_raporlama
veri analitigi,is_analizi_raporlama
musteri yonetimi,is_analizi_raporlama
raporlama,is_analizi_raporlama
office programlari,is_analizi_raporlama
ingilizce,is_analizi_raporlama
yazilim gelistirme,is_analizi_raporlama
problem analizi ve cozumu,is_analizi_raporlama
organizasyon,is_analizi_raporlama
iliskisel veri tabani,is_analizi_raporlama
office programlari,is_analizi_raporlama
yazilim gelistirme,is_analizi_raporlama
proje yonetim,is_analizi_raporlama
yazilim test,is_analizi_raporlama
analitik dusunen,is_analizi_raporlama
surec analizi,is_analizi_raporlama
raporlama,is_analizi_raporlama
ekip liderligi,is_analizi_raporlama
sorumluluk sahibi,is_analizi_raporlama
finans,is_analizi_raporlama
sayisal analiz,is_analizi_raporlama
inglizce,is_analizi_raporlama
iletisim becerine sahip,is_analizi_raporlama
kendine guvenen,is_analizi_raporlama
analiz yapan,is_analizi_raporlama
raporlama,is_analizi_raporlama
ingilizce,is_analizi_raporlama
programlama,is_analizi_raporlama
algoritma,is_analizi_raporlama
veri tabani,is_analizi_raporlama
hata analizi,is_analizi_raporlama
office programlari,is_analizi_raporlama
urun gelistirme,is_analizi_raporlama
iletisim becerilerine sahip,is_analizi_raporlama
yazilim gelistirme,is_analizi_raporlama
analiz,is_analizi_raporlama
ingilizce,is_analizi_raporlama
problem yonetimi,is_analizi_raporlama
analiz,is_analizi_raporlama
raporlama,is_analizi_raporlama
fizibilite,is_analizi_raporlama
istatistik,is_analizi_raporlama
office programlari,is_analizi_raporlama
surec analizi,is_analizi_raporlama
sigortacilik,is_analizi_raporlama
analitik dusunen,is_analizi_raporlama
raporlama,is_analizi_raporlama
iletisim becerilerine sahip,is_analizi_raporlama
veri yorumlama,is_analizi_raporlama
analiz,is_analizi_raporlama
akis diyagramlari,is_analizi_raporlama
sistem tasarimi,is_analizi_raporlama
veri yapilari,is_analizi_raporlama
office programlari,is_analizi_raporlama
surec yonetimi,is_analizi_raporlama
analitik dusunen,is_analizi_raporlama
ekonoetri,is_analizi_raporlama
teknik analiz,is_analizi_raporlama
raporlama,is_analizi_raporlama
test senaryo,is_analizi_raporlama
analiz,is_analizi_raporlama
ingilizce,is_analizi_raporlama
finans,is_analizi_raporlama
analiz,is_analizi_raporlama
cbap,is_analizi_raporlama
ccba,is_analizi_raporlama
yazilim gelistirme ve test,is_analizi_raporlama
analiz,is_analizi_raporlama
office programlari,is_analizi_raporlama
soap rest servis,is_analizi_raporlama
analitik dusunen,is_analizi_raporlama
hizli ogrenen,is_analizi_raporlama
test,is_analizi_raporlama
analiz,is_analizi_raporlama
isletim sistemleri,is_analizi_raporlama
bulut,is_analizi_raporlama
sanallastirma,is_analizi_raporlama
guvenlik,is_analizi_raporlama
analiz,is_analizi_raporlama
kalite yonetim sistemi,is_analizi_raporlama
statik dinamik biyomekanik testleri,is_analizi_raporlama
ingilizce,is_analizi_raporlama
raporlama,is_analizi_raporlama
office programlari,is_analizi_raporlama
muhasebe,is_analizi_raporlama
bankacilik,is_analizi_raporlama
analiz,is_analizi_raporlama
test,is_analizi_raporlama
office programlari,is_analizi_raporlama
ingilizce,is_analizi_raporlama
word,is_analizi_raporlama
excel,is_analizi_raporlama
access project,is_analizi_raporlama
visio,is_analizi_raporlama
analiz,is_analizi_raporlama
veri tabani,is_analizi_raporlama
office programlari,is_analizi_raporlama
excel,is_analizi_raporlama
proje yonetimi,is_analizi_raporlama
proje gelistirme,is_analizi_raporlama
teknik analiz,is_analizi_raporlama
fonksiyonel test,is_analizi_raporlama
analitik dusunme,is_analizi_raporlama
proje yonetme,is_analizi_raporlama
ingilizce,is_analizi_raporlama
analitik dusunen,is_analizi_raporlama
sorumluluk sahibi,is_analizi_raporlama
waterfall,is_analizi_raporlama
cbap sertifikasi,is_analizi_raporlama
kendini gelistiren,is_analizi_raporlama
ingilizce,is_analizi_raporlama
analitik dusunen,is_analizi_raporlama
problem cozme,is_analizi_raporlama
kayit sistemi,is_analizi_raporlama
finans,is_analizi_raporlama
test,is_analizi_raporlama
analiz,is_analizi_raporlama
raporlama,is_analizi_raporlama
veri tabami,is_analizi_raporlama
office programlari,is_analizi_raporlama
telekom,is_analizi_raporlama
analiz,is_analizi_raporlama
raporlama,is_analizi_raporlama
raporlama,is_analizi_raporlama
analiz,is_analizi_raporlama
satis analizi,is_analizi_raporlama
raporlama,is_analizi_raporlama
stok analizi,is_analizi_raporlama
google analytics,is_analizi_raporlama
satis stratejisi,is_analizi_raporlama
ingilizce,is_analizi_raporlama
surec akis modelleme,is_analizi_raporlama
ingilizce,is_analizi_raporlama
surec analizi,is_analizi_raporlama
ihtiyac analizi,is_analizi_raporlama
raporlama,is_analizi_raporlama
office programlari,is_analizi_raporlama
office programlari,is_analizi_raporlama
gida analizi,is_analizi_raporlama
kimya,is_analizi_raporlama
ekip calismasi,is_analizi_raporlama
finans,is_analizi_raporlama
veri tabani,is_analizi_raporlama
analiz,is_analizi_raporlama
ihtiyac analizi,is_analizi_raporlama
sistem analizi,is_analizi_raporlama
case agile programlama,is_analizi_raporlama
diagram,is_analizi_raporlama
test case,is_analizi_raporlama
elyaf analizi,is_analizi_raporlama
mikroskopik analiz,is_analizi_raporlama
elyaf analizi uzmani,is_analizi_raporlama
kimya,is_analizi_raporlama
oyuncak analizi,is_analizi_raporlama
cocuk kirtasiye urunlerinin guvenlik testleri,is_analizi_raporlama
fiziksel test,is_analizi_raporlama
ingilizce,is_analizi_raporlama
ingilizce,is_analizi_raporlama
analitik dusunen,is_analizi_raporlama
sabirli,is_analizi_raporlama
office programlari,is_analizi_raporlama
trafik kasko konut dask ferdi kaza winsure sigortacilik paket programi bilgisine sahip,is_analizi_raporlama
sigorta sektoru,is_analizi_raporlama
urun tasarimi,is_analizi_raporlama
proje yonetimi,is_analizi_raporlama
altyapi tasarimlari,is_analizi_raporlama
raporlama,is_analizi_raporlama
analiz,is_analizi_raporlama
cozum uretebilen,is_analizi_raporlama
ekip calismasi,is_analizi_raporlama
iletisin becerilerine sahip,is_analizi_raporlama
ingilizce,is_analizi_raporlama
kimya,is_analizi_raporlama
kontrol laboratuvari,is_analizi_raporlama
office programlari,is_analizi_raporlama
analitik dusunen,is_analizi_raporlama
cozum odakli,is_analizi_raporlama
gelisime acik,is_analizi_raporlama
ekip calismasina yatkin,is_analizi_raporlama
analiz,is_analizi_raporlama
ingilizce,is_analizi_raporlama
analitik dusunen,is_analizi_raporlama
arastirmayi seven,is_analizi_raporlama
problem cozmeyi seven ekip calismasina yatkin,is_analizi_raporlama
sonuc odakli,is_analizi_raporlama
takip yonu kuvvetli,is_analizi_raporlama
ticaret,is_analizi_raporlama
test senaryo,is_analizi_raporlama
analiz,is_analizi_raporlama
ingilizce,is_analizi_raporlama
raporlama,is_analizi_raporlama
veri analizi,is_analizi_raporlama
ekip calismasina yatkin,is_analizi_raporlama
analiz,is_analizi_raporlama
raporlama,is_analizi_raporlama
sunum,is_analizi_raporlama
cozum uretmeyi seven,is_analizi_raporlama
dinamik,is_analizi_raporlama
sonuc odakli,is_analizi_raporlama
takipci,is_analizi_raporlama
ingilizce,is_analizi_raporlama
gorsel ekran tasarimi,is_analizi_raporlama
test senaryosu,is_analizi_raporlama
hata sorun yonetim,is_analizi_raporlama
raporlama,is_analizi_raporlama
surec analizi,is_analizi_raporlama
test senaryolari,is_analizi_raporlama
office programlari,is_analizi_raporlama
scrum,is_analizi_raporlama
project server,is_analizi_raporlama
disiplinli calisma,is_analizi_raporlama
talep yonetimi uygulama gelistirme,is_analizi_raporlama
seyahat teknolojileri,is_analizi_raporlama
ingilizce,is_analizi_raporlama
sorumluluk sahibi,is_analizi_raporlama
problem cozme,is_analizi_raporlama
arastirmaci,is_analizi_raporlama
yenilikci,is_analizi_raporlama
iletisim becerilerine sahip,is_analizi_raporlama
surec analizi,is_analizi_raporlama
modelleme,is_analizi_raporlama
uretim sektoru,is_analizi_raporlama
ingilizce,is_analizi_raporlama
yazilim,is_analizi_raporlama
kodlama,is_analizi_raporlama
office programlari,is_analizi_raporlama
ikna yetenegi,is_analizi_raporlama
liderlik,is_analizi_raporlama
analitik dusunen,is_analizi_raporlama
cozum odakli,is_analizi_raporlama
ekip calismasinda uyumlu,is_analizi_raporlama
detay analizi,is_analizi_raporlama
raporlama,is_analizi_raporlama
ingilizce,is_analizi_raporlama
veri yorumlama,is_analizi_raporlama
veri analiz,is_analizi_raporlama
surec akislari,is_analizi_raporlama
akis diyagramlari,is_analizi_raporlama
modelleme,is_analizi_raporlama
oracle,is_analizi_raporlama
yazilim gelistirme,is_analizi_raporlama
veri tabani tasarimi,is_analizi_raporlama
sistem testleri,is_analizi_raporlama
saglik,is_analizi_raporlama
analiz,is_analizi_raporlama
ekip calismasina yatkin,is_analizi_raporlama
analitik dusunen,is_analizi_raporlama
analiz,is_analizi_raporlama
,is_analizi_raporlama
analiz,is_analizi_raporlama
fonksiyonel tasarim,is_analizi_raporlama
test,is_analizi_raporlama
sistemsel tasarim,is_analizi_raporlama
hata yonetimi,is_analizi_raporlama
java teknolojileri,is_analizi_raporlama
veri tabani,is_analizi_raporlama
oracle,is_analizi_raporlama
test senaryosu diyagramlari,is_analizi_raporlama
proje talep yonetimi,is_analizi_raporlama
raporlama,is_analizi_raporlama
office programlari,is_analizi_raporlama
ingilizce,is_analizi_raporlama
saglik,is_analizi_raporlama
veri tabani,is_analizi_raporlama
sonuc odakli yaklasim,is_analizi_raporlama
proje yonetimi,is_analizi_raporlama
raporlama,is_analizi_raporlama
analitik dusunen,is_analizi_raporlama
ingilizce,is_analizi_raporlama
scrum.cozum mimarilari,is_analizi_raporlama
hybris backoffice kokpitleri,is_analizi_raporlama
surucu ehliyeti,is_analizi_raporlama
tibbi laboratuvar,is_analizi_raporlama
bakteri,is_analizi_raporlama
office programlari,is_analizi_raporlama
veri yapilari,is_analizi_raporlama
office programlari,is_analizi_raporlama
proje yonetimi,is_analizi_raporlama
surec yonetimi,is_analizi_raporlama
scrum,is_analizi_raporlama
waterfall,is_analizi_raporlama
raporlama,is_analizi_raporlama
analitik dusunen,is_analizi_raporlama
problem cozme yetenegine sahip,is_analizi_raporlama
iletisim becerilerine sahip,is_analizi_raporlama
ekip calismasina yatkin,is_analizi_raporlama
analiz,is_analizi_raporlama
test,is_analizi_raporlama
akis aktivite diyagramlari,is_analizi_raporlama
kullanici senaryolari,is_analizi_raporlama
urunleri test etmek,is_analizi_raporlama
hata bulmak,is_analizi_raporlama
ingilizce,is_analizi_raporlama
sunum,is_analizi_raporlama
raporlama,is_analizi_raporlama
etik kurallari,is_analizi_raporlama
test yonetimi,is_analizi_raporlama
analiz,is_analizi_raporlama
sequence diagramlari,is_analizi_raporlama
bulut,is_analizi_raporlama
otonom sistemler,is_analizi_raporlama
guvenlik,is_analizi_raporlama
saas,is_analizi_raporlama
cizelge olusturmak,is_analizi_raporlama
proje planlama,is_analizi_raporlama
test senaryolari,is_analizi_raporlama
raporlama,is_analizi_raporlama
yazilim cozumleri,is_analizi_raporlama
analiz,is_analizi_raporlama
cagri merkezi,is_analizi_raporlama
scrum,is_analizi_raporlama
analitik dusunme,is_analizi_raporlama
guclu problem cozme,is_analizi_raporlama
karar verme,is_analizi_raporlama
cikarim yapabilme,is_analizi_raporlama
iletisim becerilerine sahip,is_analizi_raporlama
ekip calismasina uyumlu,is_analizi_raporlama
iletisim becerilerine sahip,is_analizi_raporlama
empati kurabilen,is_analizi_raporlama
analiz,is_analizi_raporlama
tasarim,is_analizi_raporlama
odeme sistemleri,is_analizi_raporlama
yazilim projeleri,is_analizi_raporlama
analiz,is_analizi_raporlama
kart temasli temassiz,is_analizi_raporlama
cbap,is_analizi_raporlama
office programlari,is_analizi_raporlama
agile,is_analizi_raporlama
scrum,is_analizi_raporlama
ogrenmeye istekli,is_analizi_raporlama
yuksek sorumluluk sahibi,is_analizi_raporlama
ingilizce,is_analizi_raporlama
analiz,is_analizi_raporlama
kullanici testleri,is_analizi_raporlama
tasarim,is_analizi_raporlama
akis diagramlarini,is_analizi_raporlama
smartspy,is_analizi_raporlama
akilli bilet sistemleri,is_analizi_raporlama
otomasyon sistemleri,is_analizi_raporlama
arac takip sistemleri,is_analizi_raporlama
kartli gecis sistemleri,is_analizi_raporlama
kisi sayma sistemleri,is_analizi_raporlama
inglizce,is_analizi_raporlama
fonksiyonel analiz,is_analizi_raporlama
arayuz tasarimi,is_analizi_raporlama
yazilim gelistirme surecleri,is_analizi_raporlama
office programlari,is_analizi_raporlama
test senaryo teknikleri,is_analizi_raporlama
analitik dusunen,is_analizi_raporlama
problem cozme yetkinligine sahip,is_analizi_raporlama
iletisim becerilerine sahip,is_analizi_raporlama
analizi surec metodolojileri,is_analizi_raporlama
proje yonetimi,is_analizi_raporlama
yazilim surec yonetimi,is_analizi_raporlama
raporlama,is_analizi_raporlama
ekip calismasi,is_analizi_raporlama
raporlama,is_analizi_raporlama
yazilim gelistirme surecleri,is_analizi_raporlama
agile,is_analizi_raporlama
scrum,is_analizi_raporlama
kanban,is_analizi_raporlama
yazilim gelistirme,is_analizi_raporlama
analitik dusunen,is_analizi_raporlama
analitik dusunen,is_analizi_raporlama
office programlari,is_analizi_raporlama
inglizce,is_analizi_raporlama
sorumluluk sahibi,is_analizi_raporlama
iletisim becerilerine sahip,is_analizi_raporlama
insan iliskileri kuvvetli,is_analizi_raporlama
problem cozme,is_analizi_raporlama
analitik dusunene,is_analizi_raporlama
sonuc odakli,is_analizi_raporlama
raporlama,is_analizi_raporlama
ingilizce,is_analizi_raporlama
ihtiyac analizi,is_analizi_raporlama
sistem surec analizi,is_analizi_raporlama
analiz,is_analizi_raporlama
yazilim gelistirme,is_analizi_raporlama
isletim sistemi,is_analizi_raporlama
programlama dili java,is_analizi_raporlama
veri tabanlari,is_analizi_raporlama
,is_analizi_raporlama
security performance,is_analizi_raporlama
availability,is_analizi_raporlama
reliability,is_analizi_raporlama
redundancy,is_analizi_raporlama
sonuc odakli,is_analizi_raporlama
iletisim becerileri kuvvetli,is_analizi_raporlama
iletisim becerilerine sahip,is_analizi_raporlama
ingilizce,is_analizi_raporlama
sonuc odakli,is_analizi_raporlama
ekip calismasi,is_analizi_raporlama
cozum gelistirme,is_analizi_raporlama
yazilim gelistirme metodoloji,is_analizi_raporlama
iletisim becerilerine sahip,is_analizi_raporlama
kanal yonetimi analisti,is_analizi_raporlama
agile,is_analizi_raporlama
scrum,is_analizi_raporlama
yazilim gelistirme,is_analizi_raporlama
fonksiyonel teknik analiz,is_analizi_raporlama
raporlama,is_analizi_raporlama
kavramsal dusunme yetenegi,is_analizi_raporlama
sonuc odakli temsil yetenegin,is_analizi_raporlama
ikna etme,is_analizi_raporlama
ekip calismasi,is_analizi_raporlama
office programlari,is_analizi_raporlama
finans,is_analizi_raporlama
sistem gelistirme,is_analizi_raporlama
analitik dusunen,is_analizi_raporlama
problem cozme yetkinligine sahip,is_analizi_raporlama
oracle,is_analizi_raporlama
raporlama,is_analizi_raporlama
ikna,is_analizi_raporlama
iletisim yonu guclu,is_analizi_raporlama
degisime ogrenmeye acik,is_analizi_raporlama
yaratici,is_analizi_raporlama
sonuc odakli,is_analizi_raporlama
ekip calismasi,is_analizi_raporlama
analiz,is_analizi_raporlama
raporlama,is_analizi_raporlama
analiz,sap
sistemlerin performansini takip etme,sap
verim artirici iyilestirmeler,sap
stratejiler gelistirme,sap
veril yonetmek,sap
anket duzenlemek,sap
veri analizi,sap
pazarlama,sap
raporlama,sap
office programlari,sap
iletisim becerilerine sahip,sap
arastirma yapma,sap
pazarlama,sap
office programlari,sap
autoline sistemi,sap
veri isleme,sap
retail,sap
debug,sap
abap,sap
analitik dusunen,sap
problem cozen,sap
ingilizce,sap
birim yoneticisi,sap
raporlama,sap
abap,sap
fiori,sap
javascript,sap
yazilim gelistirme,sap
spec,sap
veri mimarisi,sap
test surecleri,sap
problem cozme,sap
analitik dusunme,sap
ingilizce,sap
programsal hatalari problemleri cozmek,sap
raporlama,sap
yazilim gelistirme,sap
analiz,sap
veri ambari,sap
business objects,sap
raporlama,sap
veritabani yonetimi,sap
test senaryolari uretme,sap
analitik dusunen,sap
raporlama,sap
hana sistemleri,sap
cozum ureten,sap
iletisim becerilerine sahip,sap
ingilizce,sap
talep beklentilerin yonetilmesi,sap
raporlama,sap
ingilizce,sap
spss,sap
python,sap
veri madenciligi,sap
siniflandirma,sap
kumeleme,sap
veri yonetimi,sap
veri tabani,sap
office programlari,sap
proje yonetimi,sap
abap,sap
ingilizce,sap
yurtici yurtdisi seyahat,sap
ekip calismasina yatkin,sap
analitik dusunen,sap
kendini geistirmeye acik c,sap
guncel gelismeleri takip etmek,sap
risklerle ilgili etkin onlem almak,sap
ingilizce,sap
abap,sap
sapui,sap
script smart forms,sap
slcm,sap
ingilizce,sap
analitik dusunen,sap
problem cozme yetkinligine sahip,sap
iletisim becerilerine sahip,sap
raporlama,sap
analiz,sap
hata ayiklama,sap
abap,sap
ekip calismasina yatkin,sap
iletisim becerilerine sahip,sap
analitik dusunen,sap
problem cozme yetenegine sahip,sap
zaman yonetiminde yetkin,sap
arastirmaci,sap
sorumluluk sahibi,sap
ingilizce,sap
office programlari,sap
scrum,sap
mulakat anket saha analizi,sap
focus toplantilar,sap
iveri akis diyagramlari,sap
analitik dusunen,sap
ekip calismasina yatkin,sap
iletisim becerilerine sahip,sap
ogrenmeye acik,sap
surec analizi,sap
modul danismanligin,sap
full cycle proje deneyimi,sap
donusum surecleri,sap
analitik dusunen,sap
iletisim yetenegine sahip,sap
ingilizce,sap
esnek calisma saatlerine uyumlu,sap
yurtici yurtdisi engeli olmayan,sap
office programlari,sap
full cycle,sap
ingilizce,sap
iletisim becerilerine sahip,sap
analitik dusunen,sap
ekip calismasina yatkin,sap
analiz,sap
raporlama,sap
finansal,sap
lojistik,sap
ingilizce,sap
esnek calisma saatlerine uyumlu y,sap
urt yurt disi seyahat engeli olmayan,sap
ekip calismasina yatkin,sap
analitik dusunen,sap
finans,sap
muhasebe,sap
raporlama,sap
esnek calisma saatleri,sap
iletisim becerilerine sahip,sap
analitik dusunen,sap
ehliyet,sap
aktif arac kullanabilen,sap
seyahat engeli olmayan,sap
ingilizce,sap
analitik,sap
google adwords,sap
google analytics,sap
adobe photoshop,sap
adobe illustrator,sap
adobe indesign,sap
analitik dusunen,sap
veri ambari,sap
office programlari,sap
veri tabani,sap
raporlanma,sap
veri zenginlestirme,sap
siparis saha ziyaret raporu,sap
google adwords,sap
google analytics,sap
dijital trendleri takip eden,sap
adobe photoshop,sap
adobe illustrator,sap
adobe indesign,sap
analitik dusunen,sap
veri ambari,sap
office programlari,sap
segment stratejileri,sap
raporlama,sap
veri zenginlestirme,sap
crystal report programi,sap
office programlari,sap
analitik dusunen,sap
iletisim becerilerine sahip,sap
ingilizce,sap
optimize etme,sap
modul gelistirme,sap
test egitim destek sureclerin,sap
raporlama,sap
analitik dusunen,sap
veri ambari,sap
office programlarin,sap
microstrategy,sap
proje yonetimi,sap
musteri anahtar performans gostergelerin raporlanmasi,sap
musteri veri kalitesinin korunmasi,sap
veri zenginlestirme,sap
kisiye ozel kampanyalar,sap
ingilizce,sap
almanca,sap
shift sistemine uyumlu,sap
sorumluluk sahib,sap
i analitik dusunen,sap
sistem yonetimi,sap
operating system management,sap
database management,sap
technical support,sap
canias deneyimi bulunan,sap
troia sorgulama diline hakim,sap
ingilizce,sap
analitik dusunen,sap
ekip calismasina yatkin,sap
surec analizi,sap
reports publisher gelistirme,sap
java,sap
ekip calismasina yatkin,sap
oracle,sap
raporlama,sap
plsql publisher discoverer,sap
iletisim becerilerine sahip,sap
uretim surecleri,sap
ingilizce,sap
ekip calismasina yatkin,sap
gelisime acik,sap
esnek calisma saatlerine uyum saglayan,sap
analiz,sap
musteri beklentilerinin arastirilmasi,sap
kavramsal tasarim,sap
raporlama,sap
office programlari,sap
ingilizce,sap
ogrenmeye acik,sap
analitik,sap
trendleri takip eden,sap
iletisim becerilerine sahip,sap
analiz,sap
raporlama,sap
sunum,sap
office programlari,sap
veritabani,sap
webservis,sap
microsoft dynamics,sap
powerbi,sap
ingilizce,sap
raporlama,sap
successfactors modul danismani,sap
ingilizce,sap
ekip calismasina yatkin,sap
analitik dusunen,sap
yeni teknolojileri takip eden,sap
gelisime acik,sap
sonuc odakli,sap
yurt yurt disi seyahat engeli bulunmayan,sap
raporlama,sap
modul danismani,sap
ingilizce,sap
raporlama,sap
iletisim becerilerine sahip,sap
ekip calismasina yatkin,sap
analitik dusunen,sap
proaktif bakis acisina sahip,sap
sonuc odakli,sap
yurt yurt disi seyahat engeli bulunmayan,sap
test egitim destek sureclerin,sap
raporlama,sap
hata ayiklama,sap
abap,sap
ingilizce,sap
ekip calismasina yatkin,sap
iletisim becerileri gelismis,sap
arastirmaci,sap
ogrenmeye acik,sap
analitik dusunce yapisina sahip,sap
cozum odakli,sap
ithalat bilgisine sahip,sap
raporlama,sap
server uzerinde sorgu view store procedure function yazabilecek duzeyde bilgi sahibi,sap
windows server sistemlerine hakim,sap
ekip calismasina yatkin,sap
organizasyon becerisi yuksek,sap
excel uzerinde otomatik calisan raporlar hazirlanmasi,sap
ingilizce,sap
office programlari,sap
spss,sap
yogun calisma temposuna uyum saglayabilen,sap
seyahat engeli bulunmayan,sap
musteri davranislarini analiz eden,sap
sepet analizleri,sap
musteri kaybi analizleri,sap
veri madenciligi,sap
mailing operasyonlarini yonetmek,sap
raporlama,sap
veri madenciligi,sap
ingilizce,sap
office programlari,sap
veri cozumleme,sap
gereksinim analizleri yapabilen,sap
iletisim becerilerine sahip,sap
sadakat programi,sap
veri tabani,sap
surec yonetimi,sap
surec analizi,sap
ingilizce,sap
sureclerin iyilestirilmesi,sap
fonksiyonel tasarim,sap
teknik tasarim t,sap
est dokumanlarinin hazirlanmasi,sap
iyilestirme onerilerinde bulunmak,sap
yazilim gelistirme sureci,sap
raporlama,sap
data classification,sap
ingilizce,sap
veri madenciligi,sap
analitik dusunen,sap
problem cozme becerisi olan,sap
verileri analiz,sap
ekip calismasina yatkin,sap
yogun stresli calisma temposuna ayak uydurabilen,sap
raporlama,sap
sunum,sap
google analytics,sap
mail marketing yonetimi,sap
olcumleme raporlama yapilmasi,sap
veri analiz,sap
perakende sektorunde tecrubeli,sap
analitik,sap
analiz yetenegine sahip,sap
office programlari,sap
iletisim becerilerine sahip,sap
seyahat engeli bulunmayan,sap
raporlama,sap
esnek calisma saatlerine uyabilecek,sap
arastirmac,sap
i hizli analitik dusunebilen,sap
detaylara onem veren,sap
sonuc odakli,sap
proaktif,sap
siparis yonetimi,sap
sevkiyat stok yonetimi,sap
faturalama,sap
fiyatlama,sap
kampanya satis,sap
talep istekleri koordine eden,sap
abap,sap
sistemsel tasarimin sureclerinin iyilestirmesin,sap
raporlama,sap
abap,sap
ingilizce,sap
ekip calismasina yatkin,sap
detaylara onem veren,sap
sonuc odakli,sap
proaktif,sap
analitik dusunen,sap
ingilizce,sap
problemleri analiz edip sistematik cozum uretebilen,sap
seyahat engeli olmayan,sap
butce takibi,sap
raporlama,sap
insan iliskileri kuvvetli,sap
ekip calismasina yatkin,sap
analitik dusunen,sap
lojistik,sap
full cycle,sap
proje yonetimi,sap
kaynaklarin verimli kullanimi,sap
profesyonel deneyim sahibi,sap
ekip calismasina yatkin,sap
analitik dusunen,sap
arastirmayi seven,sap
cozum odakli,sap
iletisim yonu kuvvetli,sap
ingilizce,sap
teknik ekiplerle iletisime gecmek,sap
analiz,sap
tasarim,sap
test,sap
yazilim gelistirme yasam dongusunun asamalarini desteklemek,sap
proje yonetimi,sap
analiz,sap
problem cozme becerisi yuksek,sap
sonuc odakli,sap
proaktif,sap
sorumluluk sahibi,sap
dikkatli,sap
detaylara onem,sap
uretim surecleri konusunda bilgili,sap
modul uzmani,sap
analist,sap
analitik dusunen,sap
seyahat engeli bulunmayan,sap
raporlama,sap
cozum onerilerinde bulunma,sap
analitik dusunen,sap
yaratici,sap
ogrenmeye acik,sap
ekip calismasina yatkin,sap
sonuc odakli,sap
muhasebe,sap
finans,sap
depo yonetimi,sap
server,sap
office programlari,sap
iyilestirme gelistirme bakis acisina sahip,sap
sonuc odakli,sap
yeni teknolojileri takip eden,sap
sigara kullanmayan,sap
entegrasyon,sap
tecrubeli,sap
hizli kavrama yetenegi olan,sap
java,sap
ingilizce,sap
full cycle proje deneyimi olan,sap
seyahat engeli bulunmayan,sap
ingilizce,sap
ekip calismasina yatkin,sap
kendini gelistiren,sap
iletisim becerilerine sahip,sap
detaylara onem veren,sap
sonuc odakli,sap
proaktif,sap
analitik dusunen,sap
zaman yonetiminde hassas olan,sap
esnek calisma saatlerine uyabilecek,sap
optimizasyon,sap
proje yoneticisi deneyimine sahip,sap
office programlari,sap
microsoft dynamics,sap
raporlama,sap
ingilizce,sap
iyilestirme,sap
cozum ureten,sap
letisim becerilerine sahip,sap
sunum becerileri gelismis,sap
analitik dusunen,sap
problem cozme becerisi yuksek,sap
gelisen trendleri takip eden,sap
yenilikci projeler getiren,sap
veri analizleri yapmak,sap
ingilizce,sap
daha once devreye alma projesi yonetmis,sap
uretim,sap
planlama,sap
uretim surec yonetimi,sap
server veritabani,sap
ekip calismasina yatkin,sap
iletisim becerileri olan,sap
insan iliskileri kuvvetli,sap
problem cozme yetenegine sahip,sap
proaktif,sap
sonuc odakli,sap
analitik dusunen,sap
raporlama,sap
yeni teknolojileri yakindan takip eden,sap
kendini gelistirmeye acik,sap
karlilik analizi,sap
raporlama,sap
analitik dusunen,sap
sonuc odakli,sap
detaylara hakim,sap
iletisim becerilerine sahip,sap
kullanicilara destek egitim vermek,sap
kanuni mevzuati takip edip mikro versiyon guncellemelerini yapmak,sap
muhasebe,sap
iletisim becerilerine sahip,sap
ingilizce,sap
yogun tempoya ayak uydurabilen,sap
esnek calisma saatlerine uyum saglayabilen,sap
iletisim becerisine sahip,sap
cozum odakli,sap
abap,sap
ihtiyac analizi,sap
fizibilite,sap
kaynaklarin dogru sekilde kullanilmasinin saglanmasi,sap
onceliklendirme yapma,sap
veri aktarimini tasarlamak,sap
egitim belgelerini hazirlamak,sap
analiz dokumantasyonun hazirlanmasi,sap
test senaryolarini olusturmak,sap
finans,sap
anahtar kullanicilara destek verilmesi,sap
ihtiyac duyulan program raporlarin hazirlanmasi,sap
calismalarin koordinasyonu,sap
modul tecrubesi olan,sap
analitik bakis acisina sahip,sap
sonuc odakli,sap
problem cozme yetkinligi olan,sap
iletisim becerisine sahip,sap
ekip calismasina yatkin,sap
esnek calisma saatlerine uyum saglayabilen,sap
abap uzmani,sap
kampanya yonetimi,sap
raporlama,sap
ingilizce,sap
office programlari,sap
spss,sap
organizasyon becerisine sahip,sap
musteri memnuniyeti yaklasimini benimsemis,sap
musteri davranislarini analiz ederek analizler dogrultusunda gelistirme sunan,sap
sepet analizi,sap
musteri kaybi analizi,sap
veri madenciligi,sap
musteri hareketlerini analiz etmek,sap
office programlari,sap
raporlama,sap
analiz,sap
sunum,sap
analitik dusunen,sap
pazarlama,sap
ekip calismasinda basarili,sap
iletisim becerilerine sahip,sap
insan iliskileri kuvvetli,sap
proje yonetimi,sap
veri  tabanini,sap
veri kalitesini iyilestirmek,sap
kampanya sonuclarini raporlamak analizlerini yapmak,sap
musteri analiz raporlarini olusturmak,sap
raporlama,sap
ingilizce,sap
ekip calismasina yatkin,sap
esnek calisma saatlerine uyum saglayabilecek,sap
yurtici yurtdisi seyahat engeli olmayan,sap
analitik dusunen,sap
kendini gelistirmeye acik,sap
modul sorumlusu,sap
ingilizce,sap
office programlari,sap
iletisim becerisi guclu,sap
proaktif,sap
sonuc odakli,sap
ekip calismasina yatkin,sap
planlama,sap
takip,sap
raporlama,sap
seyahat engeli olmayan,sap
veri bakimi,sap
musteri analizi,sap
veri analizi,sap
veri madenciligi,sap
raporlama,sap
sunum,sap
script yazma,sap
office programlari,sap
musteri davranis takibi,sap
verilerin takip edilmesi,sap
gorsellestirme,sap
spss statistics,sap
spss modeler,sap
python,sap
google analytics,sap
adobe analytics countly,sap
veri tabani,sap
verilerin toplanmasi,sap
abap,sap
ingilizce,sap
fiori,sap
yazilim gelistirme,sap
veri mimarisi,sap
problem cozmede yaratici,sap
analitik dusunen,sap
ingilizce,sap
maliyet karlilik analizi,sap
muhasebe,sap
finans,sap
analitik dusunen,sap
iletisim becerileri yuksek,sap
zaman yonetiminde basarili,sap
arastirmaci,sap
sorumluluk sahibi,sap
raporlama,sap
maliyet analizlerini yaparak urunun maliyet detaylarini analiz etmek,sap
finans,sap
muhasebe,sap
ingilizce,sap
ekip calismasina yatkin,sap
analitik dusunen,sap
iletisim becerilerine sahip,sap
zaman yonetiminde basarili,sap
office programlari,sap
arastirmaci,sap
sorumluluk sahibi,sap
modul uzmani,sap
modul bilgisi bulunan,sap
ekip calismasina yatkin,sap
iletisim becerisine sahip,sap
ingilizce,sap
ihtiyaclari dogrultusunda cozum uretebilen,sap
problemlerin analizi,sap
fonksiyonel danisman,sap
ingilizce,sap
kendini gelistirmeye acik,sap
analitik dusunen,sap
ekip calismasina yatkin,sap
retail,sap
office programlari,sap
kendini gelistirmeye acik,sap
analitik dusunen,sap
problem cozumu koordinasyon becerileri gelismis,sap
iletisim becerisine sahip,sap
cobit disiplininde calismis,sap
satinalma depo yonetimi,sap
kalite sevkiyat sureclerine hakim,sap
perakende sektoru,sap
stok depo yonetimi,sap
retail office programlarina,sap
ogrenmeye kendini gelistirmeye acik,sap
analitik dusunen,sap
problem cozumu koordinasyon becerileri gelismis,sap
iletisim becerisine sahip,sap
cobit disiplininde calismis,sap
depo yonetimi,sap
kalite,sap
sevkiyat,sap
satin alma,sap
perakende sektoru,sap
finans,sap
maliyet muhasebesi,sap
duran varlik yonetimi,sap
karlilik gayrimenkul yonetimi,sap
proje yoneticisi,sap
full cycle,sap
analitik dusunen,sap
musteri ihtiyaclari dogrultusunda cozum uretebilen,sap
ekip calismasina yatkin,sap
iletisim becerileri olan,sap
ingilizce,sap
esnek calisma saatlerine uyum gosterebilen,sap
yurtici seyahat engeli olmayan,sap
modul deneyim sahibi,sap
modul bilgisi olan,sap
iletisim becerilerine sahip,sap
ingilizce,sap
satis sevkiyat fiyatlandirma,sap
faturalama,sap
irsaliye sureclerindeki tasarimlari yapmak,sap
fatura,sap
arsiv fatura,sap
abap uzmani birlikte calismak,sap
sureclerinin analiz edilmesi,sap
problemlerin analiz edilmesi,sap
ingilizce,sap
almanca,sap
yazilim gelistirme tecrubesine sahip,sap
mssql,sap
troia yazilim diline hakim,sap
android isletim sistem,sap
analitik,sap
dinamik,sap
cozum odakli,sap
hedef odakli,sap
neden sonuc iliskisini kurabilen,sap
yuksek tempolu calisma ortamina uyum saglayabilen,sap
merakli,sap
arastirmaci,sap
sorgulayici,sap
proje yonetim tecrubesine sahip,sap
kendini gelistirmeye istekli,sap
sektorel gelismeleri takip eden,sap
surekli iyilestirme yaklasimina sahip,sap
grup yoneticisi,sap
abap,sap
basis,sap
fiori,sap
abap object orient,sap
servis olusturma,sap
consume etme,sap
sistem mimarisi yonetimi konusunda tecrubeli,sap
analitik dusunen,sap
problem cozme becerisi yuksek,sap
guclu iletisim yetenegi olan,sap
yeni teknolojileri konusunda bilgi sahibi,sap
ogrenmeye acik,sap
abap,sap
webdynpro,sap
brfplus,sap
analitik dusunen,sap
ingilizce,sap
esnek calisma saatlerine uyabilecek,sap
ekip calismasina yatkin,sap
seyahat engeli olmayan ozellikle,sap
ingilizce,sap
otomotiv sektoru,sap
proje yonetimi,sap
ekip calismasina yatkin,sap
iletisim becerisine sahip,sap
analitik dusunen,sap
problem cozme,sap
karar alma,sap
planlama becerisine sahip,sap
projelerin surec takibi,sap
almanca,sap
danisman,sap
seyahat etme kisiti olmayan,sap
uluslararasi projelerde calismak isteyen,sap
deneyimli,sap