,skill,label
0,html,web_tasarim
1, javascript,web_tasarim
2, jquery,web_tasarim
3, github,web_tasarim
4, photoshop illustrator,web_tasarim
5,wordpress,web_tasarim
6, mysql,web_tasarim
7, html,web_tasarim
8, javascript,web_tasarim
9,raporlama,web_tasarim
10, veri analizi,web_tasarim
11,office programlari,web_tasarim
12,ekip calismasi,web_tasarim
13, google analytics,web_tasarim
14,wordpress,web_tasarim
15, mysql,web_tasarim
16, html,web_tasarim
17, digital pazarlama,web_tasarim
18,analitik dusunen,web_tasarim
19, html,web_tasarim
20, angular,web_tasarim
21, jquery,web_tasarim
22, fronted development,web_tasarim
23, bootstrap,web_tasarim
24, react,web_tasarim
25, photoshop,web_tasarim
26,react,web_tasarim
27, javascript,web_tasarim
28,fronted developer,web_tasarim
29, html,web_tasarim
30, javascript,web_tasarim
31, jquery,web_tasarim
32, bootstrap,web_tasarim
33,html,web_tasarim
34, photoshop,web_tasarim
35, iletisimi kuvvetli,web_tasarim
36,veri tabani,web_tasarim
37, core angular,web_tasarim
38, node elasticsearch,web_tasarim
39, scrum,web_tasarim
40,html ,web_tasarim
41, jquery,web_tasarim
42, javascript,web_tasarim
43, bootstrap,web_tasarim
44, smarty twig blade,web_tasarim
45, hosting,web_tasarim
46, photoshop sketch,web_tasarim
47, fronted developer,web_tasarim
48,javascript,web_tasarim
49, jquery,web_tasarim
50, html,web_tasarim
51, mysql,web_tasarim
52, webapi,web_tasarim
53,sketch invision adobe photoshop adobe illustrator,web_tasarim
54, analitik dusunen,web_tasarim
55, birden fazla is yuruten,web_tasarim
56, ekip calismasi,web_tasarim
57,html,web_tasarim
58, react native,web_tasarim
59, mysql,web_tasarim
60, javascript,web_tasarim
61,grafik tasarim,web_tasarim
62,html,web_tasarim
63, javascript,web_tasarim
64, bootstrap,web_tasarim
65, angularjs,web_tasarim
66, grunt gulp,web_tasarim
67,html,web_tasarim
68, jquery,web_tasarim
69, responsive design,web_tasarim
70, ingilizce,web_tasarim
71, ekip calismasi,web_tasarim
72, digital pazarlama,web_tasarim
73, arastirmayi seven,web_tasarim
74, isletim sistemleri,web_tasarim
75, hosting domain yonetimi,web_tasarim
76,raporlam,web_tasarim
77, gorsel gucu yuksek,web_tasarim
78, sosyal medya,web_tasarim
79, html,web_tasarim
80, javascript,web_tasarim
81, mysql,web_tasarim
82, google analytics,web_tasarim
83, responsive mobil tasarim,web_tasarim
84, image editor,web_tasarim
85, html ,web_tasarim
86,javascript ,web_tasarim
87,bootstrap ,web_tasarim
88,jquery ,web_tasarim
89,ticaret sitesi yonetimi,web_tasarim
90, mysql,web_tasarim
91, ajax json,web_tasarim
92,grafik tasarim,web_tasarim
93,  html ,web_tasarim
94,bootstrap,web_tasarim
95, wordpress,web_tasarim
96, mobile responsive,web_tasarim
97, adobe dreamweaver,web_tasarim
98, photoshop illustrator indesign after effects,web_tasarim
99, ekip calismasi,web_tasarim
100, ticaret,web_tasarim
101, ingilizce,web_tasarim
102,sorumluluk sahibi,web_tasarim
103, python django ,web_tasarim
104, linux gentoo ubuntu ,web_tasarim
105, mysql ,web_tasarim
106,postgresql,web_tasarim
107,proxy sunucularina hakimiyet ,web_tasarim
108, github,web_tasarim
109, raporlama,web_tasarim
110,html ,web_tasarim
111,jquery,web_tasarim
112, responsive design,web_tasarim
113, wordpress ,web_tasarim
114, video icerik olusturabilme,web_tasarim
115, isletim sistemleri,web_tasarim
116, gorsel duzenleme,web_tasarim
117, digital pazarlama,web_tasarim
118, tasarim,web_tasarim
119,html ,web_tasarim
120,javascript,web_tasarim
121, ingilizce,web_tasarim
122, site tasarimi,web_tasarim
123, sosyal medya,web_tasarim
124, iletisimi kuvvetli,web_tasarim
125, office programlari,web_tasarim
126,react ,web_tasarim
127,redux,web_tasarim
128, javascript,web_tasarim
129,analitik dusunebilen ,web_tasarim
130, ingilizce,web_tasarim
131, sorumluluk sahibi,web_tasarim
132, kendini gelistiren,web_tasarim
133,fronted developer,web_tasarim
134,angular,web_tasarim
135, javascript,web_tasarim
136, jquery,web_tasarim
137, bootstrap,web_tasarim
138,html,web_tasarim
139, zeplin,web_tasarim
140,tasarim,web_tasarim
141, html,web_tasarim
142, javascript,web_tasarim
143,html,web_tasarim
144, javascript,web_tasarim
145, jquery,web_tasarim
146,ingilizce,web_tasarim
147, veri tabani,web_tasarim
148, sorumluluk sahibi,web_tasarim
149, analitik dusunen,web_tasarim
150,dokumantasyon,web_tasarim
151,  raporlama,web_tasarim
152, full stack developer,web_tasarim
153, nesneye dayali kodlama,web_tasarim
154,microsoft entity framework,web_tasarim
155,  design patterns,web_tasarim
156,html,web_tasarim
157, javascript,web_tasarim
158,  jquery ,web_tasarim
159,angularjs ,web_tasarim
160,ajax,web_tasarim
161,responsive design framework,web_tasarim
162,mysql ,web_tasarim
163,mssql ,web_tasarim
164,mongo,web_tasarim
165,ingilizce,web_tasarim
166,javascript ,web_tasarim
167,html ,web_tasarim
168,bootstrap,web_tasarim
169,google analytics,web_tasarim
170,responsive adaptive tasarim,web_tasarim
171,wordpress,web_tasarim
172, html ,web_tasarim
173,javascript,web_tasarim
174,cpanel plesk hosting ,web_tasarim
175,visual studio ,web_tasarim
176,photoshop coreldraw,web_tasarim
177,grafiksel analiz tasarim ,web_tasarim
178,ingilizce,web_tasarim
179, sorumluluk sahibi,web_tasarim
180, ,web_tasarim
181, veritabani ,web_tasarim
182, html,web_tasarim
183, javascript,web_tasarim
184, jquery,web_tasarim
185, bootstrap,web_tasarim
186,guler yuzlu,web_tasarim
187,bulut ,web_tasarim
188,tsql ,web_tasarim
189,jquery,web_tasarim
190,  yorum satiri yazan,web_tasarim
191,ingilizce,web_tasarim
192,html ,web_tasarim
193,javascript,web_tasarim
194, jquery,web_tasarim
195, bootstrap ,web_tasarim
196,analitik dusunme,web_tasarim
197,yazili sozlu iletisim becerileri gelismis,web_tasarim
198,ekip calismasi,web_tasarim
199, postgresql,web_tasarim
200, mysql,web_tasarim
201,visual studio ,web_tasarim
202,veri tabani,web_tasarim
203, nesneye dayali kodlama,web_tasarim
204, muhasebe,web_tasarim
205, finans,web_tasarim
206, ingilizce,web_tasarim
207, tecrubeli,web_tasarim
208,html,web_tasarim
209, json,web_tasarim
210,bootstrap ,web_tasarim
211,linux,web_tasarim
212, kendini gelistiren,web_tasarim
213,veri tabani,web_tasarim
214, ekip calismasi,web_tasarim
215,python,web_tasarim
216, react,web_tasarim
217, kendini gelistiren,web_tasarim
218, inglizce,web_tasarim
219, raporlama,web_tasarim
220,django,web_tasarim
221, laravel ,web_tasarim
222,javascript,web_tasarim
223,ticaret,web_tasarim
224, html,web_tasarim
225, javascript,web_tasarim
226, mysql,web_tasarim
227, jquery,web_tasarim
228, ajax,web_tasarim
229, json,web_tasarim
230, angular,web_tasarim
231, cpanel plesk hosting,web_tasarim
232,google analystics,web_tasarim
233, ingilizce,web_tasarim
234, kendini gelistiren,web_tasarim
235, cozum odakli,web_tasarim
236,html,web_tasarim
237, frontend ,web_tasarim
238,html,web_tasarim
239, ajax,web_tasarim
240,typescript ,web_tasarim
241,sass,web_tasarim
242, less processor ,web_tasarim
243,java ,web_tasarim
244,kotlin server,web_tasarim
245,photoshop illustrator,web_tasarim
246, mysql,web_tasarim
247, javascript,web_tasarim
248, ajax,web_tasarim
249, jquery,web_tasarim
250, html,web_tasarim
251, bootstrap,web_tasarim
252,html,web_tasarim
253, mysql,web_tasarim
254, ingilizce,web_tasarim
255, analitik dusunen,web_tasarim
256, iletisim becerilerine sahip,web_tasarim
257,  linux centos ,web_tasarim
258,json,web_tasarim
259,guvenlik,web_tasarim
260,html,web_tasarim
261, json,web_tasarim
262,bootstrap ,web_tasarim
263,jquery,web_tasarim
264, angular,web_tasarim
265,google analystics,web_tasarim
266,cpanel plesk hosting,web_tasarim
267,adobe photoshop,web_tasarim
268,ingilizce,web_tasarim
269, veri tabani,web_tasarim
270, guler yuzlu,web_tasarim
271,frontend,web_tasarim
272, javascript,web_tasarim
273, angular,web_tasarim
274, ingilizce,web_tasarim
275, html,web_tasarim
276, bitbucket ,web_tasarim
277, ajax,web_tasarim
278, makine ogrenmesi,web_tasarim
279, derin ogrenme,web_tasarim
280,java ,web_tasarim
281,python ,web_tasarim
282,django,web_tasarim
283,  google cloud,web_tasarim
284,javascript,web_tasarim
285, jquery,web_tasarim
286, html,web_tasarim
287,  adobe photoshop,web_tasarim
288,ingilizce,web_tasarim
289,kendini gelistiren,web_tasarim
290,iletisim becerine sahip,web_tasarim
291, digital ajans,web_tasarim
292, ingilizce,web_tasarim
293, analitik dusunen,web_tasarim
294,veri tabani,web_tasarim
295, raporlama,web_tasarim
296, html ,web_tasarim
297,javascript,web_tasarim
298, jquery,web_tasarim
299, bootstrap ,web_tasarim
300,skeleton kutuphanesi,web_tasarim
301,sass less islemci kutuphanelsi,web_tasarim
302, photoshop ,web_tasarim
303,visual studio ,web_tasarim
304,iletisim becerine sahip,web_tasarim
305, icerik yonetim sistemleri,web_tasarim
306,javascript,web_tasarim
307, react,web_tasarim
308, mobil uygulama,web_tasarim
309, nesneye dayali kodlama,web_tasarim
310, veri tabani,web_tasarim
311, analitik dusunen,web_tasarim
312, ,web_tasarim
313,grafik tasarim ,web_tasarim
314, adobe illustrator ,web_tasarim
315,adobe photoshop,web_tasarim
316,adobe indesign ,web_tasarim
317,html,web_tasarim
318,adobe premiere dreamweaver,web_tasarim
319,adobe after effects ,web_tasarim
320,kendini gelistiren,web_tasarim
321,javascript,web_tasarim
322, veri guvenligi,web_tasarim
323,nosql,web_tasarim
324,html,web_tasarim
325,ingilizce,web_tasarim
326, angular,web_tasarim
327, react,web_tasarim
328,typescript,web_tasarim
329, iletisimi kuvvetli,web_tasarim
330, ekip calismasi,web_tasarim
331,html,web_tasarim
332, marka tasarimi,web_tasarim
333, photoshop illustrator,web_tasarim
334,html,web_tasarim
335, jquery,web_tasarim
336, javascript,web_tasarim
337,responsive layout ,web_tasarim
338,xhtml,web_tasarim
339, html ,web_tasarim
340,ajax ,web_tasarim
341,javascript ,web_tasarim
342,responsive,web_tasarim
343, mssql,web_tasarim
344,java,web_tasarim
345, swift,web_tasarim
346, android studio,web_tasarim
347, xcode,web_tasarim
348,analitik dusunen,web_tasarim
349,json,web_tasarim
350,ingilizce,web_tasarim
351,html ,web_tasarim
352,ajax ,web_tasarim
353,mysql,web_tasarim
354, jquery,web_tasarim
355, bootstrap,web_tasarim
356, wordpress,web_tasarim
357, linux,web_tasarim
358,rest ,web_tasarim
359,soap ,web_tasarim
360,json ,web_tasarim
361,javascript ,web_tasarim
362,html,web_tasarim
363,wordpress ,web_tasarim
364,office programlari,web_tasarim
365,adobe photoshop ,web_tasarim
366,adope fireworks ,web_tasarim
367,sketch ,web_tasarim
368,sosyal medya,web_tasarim
369,grafik tasarim ,web_tasarim
370,html,web_tasarim
371,online ticaret,web_tasarim
372,javascript,web_tasarim
373, html,web_tasarim
374,devexpress,web_tasarim
375,raporlama,web_tasarim
376, ingilizce,web_tasarim
377, html ,web_tasarim
378,xhtml ,web_tasarim
379,http ,web_tasarim
380,json ,web_tasarim
381,ajax,web_tasarim
382, javascript,web_tasarim
383, jquery,web_tasarim
384,guvenlik,web_tasarim
385,mysql,web_tasarim
386, json,web_tasarim
387,html,web_tasarim
388,tasarim,web_tasarim
389,bootstrap,web_tasarim
390, photoshop  ,web_tasarim
391, ingilizce,web_tasarim
392,ticaret,web_tasarim
393, kategori duzenleme,web_tasarim
394,html,web_tasarim
395, ingilizce,web_tasarim
396,photoshop ,web_tasarim
397,fireworks dreamwevar ,web_tasarim
398,html ,web_tasarim
399,wordpress ,web_tasarim
400,bootstrap,web_tasarim
401, html,web_tasarim
402, react ,web_tasarim
403,redux ,web_tasarim
404,nodejs,web_tasarim
405, extreact ,web_tasarim
406,coffeescript ,web_tasarim
407,typescript ,web_tasarim
408,less ,web_tasarim
409,sass ,web_tasarim
410,soap,web_tasarim
411,rest,web_tasarim
412,html javascript ,web_tasarim
413,react,web_tasarim
414,fonksiyonel programlama,web_tasarim
415, devops,web_tasarim
416,rest ,web_tasarim
417,graphql,web_tasarim
418,node,web_tasarim
419,json,web_tasarim
420, javascript ,web_tasarim
421,ecmascript ,web_tasarim
422,typescript,web_tasarim
423,sass ,web_tasarim
424,less ,web_tasarim
425,postcss,web_tasarim
426,react,web_tasarim
427,javascript,web_tasarim
428, versiyon kontrol ,web_tasarim
429, ingilizce,web_tasarim
430,guvenlik,web_tasarim
431, full stack,web_tasarim
432, nesneye dayali programlama,web_tasarim
433,html,web_tasarim
434,javascript,web_tasarim
435,nosql,web_tasarim
436,javascript,web_tasarim
437, angularjs,web_tasarim
438, react,web_tasarim
439,knockout,web_tasarim
440,backbone,web_tasarim
441,html,web_tasarim
442,jquery,web_tasarim
443,react,web_tasarim
444,typscript,web_tasarim
445, less ,web_tasarim
446,sass ,web_tasarim
447,responsive ,web_tasarim
448,inglizce,web_tasarim
449,frontend developer,web_tasarim
450,html,web_tasarim
451, bootstrap,web_tasarim
452, javascript,web_tasarim
453, jquery,web_tasarim
454,typescript,web_tasarim
455, angularjs,web_tasarim
456, html,web_tasarim
457, javascript,web_tasarim
458, json ,web_tasarim
459,jquery ,web_tasarim
460,soap,web_tasarim
461,photoshop illustrator,web_tasarim
462,wordpress,web_tasarim
463,html,web_tasarim
464,cpanel,web_tasarim
465,javascript,web_tasarim
466,react ,web_tasarim
467,typescript ,web_tasarim
468,html,web_tasarim
469, restful apis,web_tasarim
470, sass ,web_tasarim
471,less,web_tasarim
472, javascript ,web_tasarim
473,jquery ,web_tasarim
474,ajax,web_tasarim
475,soap,web_tasarim
476,rest,web_tasarim
477,json,web_tasarim
478,ingilizce,web_tasarim
479,html sass ,web_tasarim
480,modern javascript ,web_tasarim
481,react ,web_tasarim
482,redux,web_tasarim
483,vuex,web_tasarim
484,photoshop sketch ,web_tasarim
485,yazilim gelistirme,web_tasarim
486, gorsel tasarim,web_tasarim
487, wordpress,web_tasarim
488, html,web_tasarim
489,office programlari,is_analizi_raporlama
490,  microsoft axapta,is_analizi_raporlama
491,iletisim becerilerine sahip,is_analizi_raporlama
492, kendini gelistiren,is_analizi_raporlama
493,veri analizi,is_analizi_raporlama
494, veri analitigi,is_analizi_raporlama
495, musteri yonetimi,is_analizi_raporlama
496, raporlama,is_analizi_raporlama
497,office programlari,is_analizi_raporlama
498, ingilizce,is_analizi_raporlama
499, yazilim gelistirme,is_analizi_raporlama
500,problem analizi ve cozumu,is_analizi_raporlama
501, organizasyon,is_analizi_raporlama
502,iliskisel veri tabani,is_analizi_raporlama
503, office programlari,is_analizi_raporlama
504, yazilim gelistirme,is_analizi_raporlama
505,proje yonetim ,is_analizi_raporlama
506, yazilim test,is_analizi_raporlama
507,analitik dusunen,is_analizi_raporlama
508, surec analizi,is_analizi_raporlama
509, raporlama,is_analizi_raporlama
510,ekip liderligi,is_analizi_raporlama
511,sorumluluk sahibi,is_analizi_raporlama
512,finans,is_analizi_raporlama
513,sayisal analiz,is_analizi_raporlama
514,inglizce,is_analizi_raporlama
515,iletisim becerine sahip,is_analizi_raporlama
516,kendine guvenen,is_analizi_raporlama
517,analiz yapan,is_analizi_raporlama
518,raporlama,is_analizi_raporlama
519,ingilizce,is_analizi_raporlama
520, programlama,is_analizi_raporlama
521,algoritma,is_analizi_raporlama
522,veri tabani,is_analizi_raporlama
523,hata analizi,is_analizi_raporlama
524, office programlari,is_analizi_raporlama
525,urun gelistirme,is_analizi_raporlama
526,iletisim becerilerine sahip,is_analizi_raporlama
527,yazilim gelistirme,is_analizi_raporlama
528,analiz,is_analizi_raporlama
529,ingilizce,is_analizi_raporlama
530,problem yonetimi,is_analizi_raporlama
531,analiz,is_analizi_raporlama
532,raporlama,is_analizi_raporlama
533,fizibilite,is_analizi_raporlama
534,istatistik,is_analizi_raporlama
535,office programlari,is_analizi_raporlama
536,surec analizi,is_analizi_raporlama
537,sigortacilik,is_analizi_raporlama
538,analitik dusunen,is_analizi_raporlama
539,raporlama,is_analizi_raporlama
540,iletisim becerilerine sahip,is_analizi_raporlama
541,veri yorumlama,is_analizi_raporlama
542, analiz,is_analizi_raporlama
543,akis diyagramlari,is_analizi_raporlama
544,sistem tasarimi,is_analizi_raporlama
545,veri yapilari,is_analizi_raporlama
546,office programlari,is_analizi_raporlama
547,surec yonetimi,is_analizi_raporlama
548,analitik dusunen,is_analizi_raporlama
549,ekonoetri,is_analizi_raporlama
550,teknik analiz,is_analizi_raporlama
551,raporlama,is_analizi_raporlama
552,test senaryo,is_analizi_raporlama
553,analiz,is_analizi_raporlama
554,ingilizce,is_analizi_raporlama
555,finans,is_analizi_raporlama
556,analiz,is_analizi_raporlama
557, cbap,is_analizi_raporlama
558,ccba ,is_analizi_raporlama
559,yazilim gelistirme ve test,is_analizi_raporlama
560, analiz,is_analizi_raporlama
561,office programlari,is_analizi_raporlama
562,soap rest servis,is_analizi_raporlama
563, analitik dusunen,is_analizi_raporlama
564,hizli ogrenen,is_analizi_raporlama
565,test,is_analizi_raporlama
566, analiz,is_analizi_raporlama
567,isletim sistemleri,is_analizi_raporlama
568,bulut,is_analizi_raporlama
569,sanallastirma,is_analizi_raporlama
570,guvenlik,is_analizi_raporlama
571,analiz,is_analizi_raporlama
572,kalite yonetim sistemi,is_analizi_raporlama
573, statik dinamik biyomekanik testleri,is_analizi_raporlama
574,ingilizce,is_analizi_raporlama
575,raporlama,is_analizi_raporlama
576,office programlari,is_analizi_raporlama
577,muhasebe,is_analizi_raporlama
578,bankacilik,is_analizi_raporlama
579,analiz,is_analizi_raporlama
580,test,is_analizi_raporlama
581,office programlari,is_analizi_raporlama
582,ingilizce,is_analizi_raporlama
583,word ,is_analizi_raporlama
584,excel ,is_analizi_raporlama
585,access project ,is_analizi_raporlama
586,visio ,is_analizi_raporlama
587,analiz,is_analizi_raporlama
588,veri tabani,is_analizi_raporlama
589,office programlari,is_analizi_raporlama
590,excel,is_analizi_raporlama
591,proje yonetimi,is_analizi_raporlama
592,proje gelistirme,is_analizi_raporlama
593,teknik analiz,is_analizi_raporlama
594,fonksiyonel test,is_analizi_raporlama
595,analitik dusunme,is_analizi_raporlama
596,proje yonetme,is_analizi_raporlama
597,ingilizce,is_analizi_raporlama
598,analitik dusunen,is_analizi_raporlama
599,sorumluluk sahibi,is_analizi_raporlama
600,waterfall,is_analizi_raporlama
601, cbap sertifikasi,is_analizi_raporlama
602,kendini gelistiren,is_analizi_raporlama
603,ingilizce,is_analizi_raporlama
604,analitik dusunen,is_analizi_raporlama
605,problem cozme,is_analizi_raporlama
606,kayit sistemi,is_analizi_raporlama
607,finans,is_analizi_raporlama
608,test,is_analizi_raporlama
609,analiz,is_analizi_raporlama
610,raporlama,is_analizi_raporlama
611,veri tabami,is_analizi_raporlama
612,office programlari,is_analizi_raporlama
613,telekom,is_analizi_raporlama
614,analiz,is_analizi_raporlama
615,raporlama,is_analizi_raporlama
616,raporlama,is_analizi_raporlama
617,analiz,is_analizi_raporlama
618,satis analizi,is_analizi_raporlama
619,raporlama,is_analizi_raporlama
620,stok analizi,is_analizi_raporlama
621, google analytics ,is_analizi_raporlama
622,satis stratejisi,is_analizi_raporlama
623,ingilizce,is_analizi_raporlama
624,surec akis modelleme,is_analizi_raporlama
625,ingilizce,is_analizi_raporlama
626,surec analizi,is_analizi_raporlama
627,ihtiyac analizi,is_analizi_raporlama
628,raporlama,is_analizi_raporlama
629,office programlari,is_analizi_raporlama
630,office programlari,is_analizi_raporlama
631,gida analizi,is_analizi_raporlama
632,kimya,is_analizi_raporlama
633,ekip calismasi,is_analizi_raporlama
634,finans,is_analizi_raporlama
635,veri tabani ,is_analizi_raporlama
636, analiz ,is_analizi_raporlama
637, ihtiyac analizi ,is_analizi_raporlama
638,sistem analizi ,is_analizi_raporlama
639,case agile programlama ,is_analizi_raporlama
640,diagram ,is_analizi_raporlama
641, test case,is_analizi_raporlama
642,elyaf analizi ,is_analizi_raporlama
643, mikroskopik analiz ,is_analizi_raporlama
644, elyaf analizi uzmani,is_analizi_raporlama
645,kimya,is_analizi_raporlama
646,oyuncak analizi,is_analizi_raporlama
647, cocuk kirtasiye urunlerinin guvenlik testleri,is_analizi_raporlama
648,fiziksel test,is_analizi_raporlama
649,ingilizce ,is_analizi_raporlama
650,ingilizce,is_analizi_raporlama
651,analitik dusunen,is_analizi_raporlama
652,sabirli ,is_analizi_raporlama
653, office programlari,is_analizi_raporlama
654, trafik kasko konut dask ferdi kaza winsure sigortacilik paket programi bilgisine sahip ,is_analizi_raporlama
655,sigorta sektoru,is_analizi_raporlama
656,urun tasarimi,is_analizi_raporlama
657,proje yonetimi ,is_analizi_raporlama
658,altyapi tasarimlari,is_analizi_raporlama
659,raporlama,is_analizi_raporlama
660,analiz,is_analizi_raporlama
661,cozum uretebilen,is_analizi_raporlama
662,ekip calismasi,is_analizi_raporlama
663,iletisin becerilerine sahip,is_analizi_raporlama
664,ingilizce,is_analizi_raporlama
665, kimya ,is_analizi_raporlama
666,kontrol laboratuvari,is_analizi_raporlama
667, office programlari,is_analizi_raporlama
668,analitik dusunen,is_analizi_raporlama
669, cozum odakli,is_analizi_raporlama
670, gelisime acik ,is_analizi_raporlama
671,ekip calismasina yatkin ,is_analizi_raporlama
672, analiz,is_analizi_raporlama
673,ingilizce ,is_analizi_raporlama
674, analitik dusunen,is_analizi_raporlama
675,arastirmayi seven,is_analizi_raporlama
676,problem cozmeyi seven ekip calismasina yatkin ,is_analizi_raporlama
677,sonuc odakli ,is_analizi_raporlama
678,takip yonu kuvvetli ,is_analizi_raporlama
679,ticaret ,is_analizi_raporlama
680,test senaryo,is_analizi_raporlama
681,analiz,is_analizi_raporlama
682,ingilizce,is_analizi_raporlama
683,raporlama,is_analizi_raporlama
684,veri analizi,is_analizi_raporlama
685,ekip calismasina yatkin,is_analizi_raporlama
686, analiz ,is_analizi_raporlama
687,raporlama,is_analizi_raporlama
688, sunum ,is_analizi_raporlama
689, cozum uretmeyi seven ,is_analizi_raporlama
690,dinamik ,is_analizi_raporlama
691,sonuc odakli ,is_analizi_raporlama
692,takipci ,is_analizi_raporlama
693,ingilizce ,is_analizi_raporlama
694, gorsel ekran tasarimi,is_analizi_raporlama
695, test senaryosu,is_analizi_raporlama
696, hata sorun yonetim ,is_analizi_raporlama
697,raporlama,is_analizi_raporlama
698, surec analizi ,is_analizi_raporlama
699,test senaryolari,is_analizi_raporlama
700, office programlari,is_analizi_raporlama
701, scrum ,is_analizi_raporlama
702,project server ,is_analizi_raporlama
703,disiplinli calisma ,is_analizi_raporlama
704,talep yonetimi uygulama gelistirme ,is_analizi_raporlama
705,seyahat teknolojileri ,is_analizi_raporlama
706,ingilizce ,is_analizi_raporlama
707, sorumluluk sahibi ,is_analizi_raporlama
708,problem cozme,is_analizi_raporlama
709,arastirmaci ,is_analizi_raporlama
710,yenilikci ,is_analizi_raporlama
711,iletisim becerilerine sahip,is_analizi_raporlama
712,surec analizi,is_analizi_raporlama
713,  modelleme,is_analizi_raporlama
714,uretim sektoru,is_analizi_raporlama
715,ingilizce ,is_analizi_raporlama
716,yazilim,is_analizi_raporlama
717, kodlama ,is_analizi_raporlama
718, office programlari,is_analizi_raporlama
719, ikna yetenegi ,is_analizi_raporlama
720,liderlik ,is_analizi_raporlama
721, analitik dusunen,is_analizi_raporlama
722, cozum odakli,is_analizi_raporlama
723,ekip calismasinda uyumlu,is_analizi_raporlama
724,detay analizi,is_analizi_raporlama
725,raporlama,is_analizi_raporlama
726,ingilizce,is_analizi_raporlama
727,veri yorumlama ,is_analizi_raporlama
728,veri analiz ,is_analizi_raporlama
729, surec akislari,is_analizi_raporlama
730,akis diyagramlari ,is_analizi_raporlama
731,modelleme ,is_analizi_raporlama
732,oracle ,is_analizi_raporlama
733,yazilim gelistirme ,is_analizi_raporlama
734,veri tabani tasarimi ,is_analizi_raporlama
735,sistem testleri,is_analizi_raporlama
736,saglik,is_analizi_raporlama
737,analiz,is_analizi_raporlama
738,ekip calismasina yatkin,is_analizi_raporlama
739,analitik dusunen,is_analizi_raporlama
740,analiz,is_analizi_raporlama
741,,is_analizi_raporlama
742,analiz,is_analizi_raporlama
743, fonksiyonel tasarim ,is_analizi_raporlama
744,test,is_analizi_raporlama
745, sistemsel tasarim,is_analizi_raporlama
746, hata yonetimi ,is_analizi_raporlama
747,java teknolojileri ,is_analizi_raporlama
748, veri tabani,is_analizi_raporlama
749,oracle ,is_analizi_raporlama
750,test senaryosu diyagramlari ,is_analizi_raporlama
751,proje talep yonetimi ,is_analizi_raporlama
752,raporlama,is_analizi_raporlama
753,office programlari,is_analizi_raporlama
754,ingilizce,is_analizi_raporlama
755,saglik,is_analizi_raporlama
756,veri tabani,is_analizi_raporlama
757,sonuc odakli yaklasim,is_analizi_raporlama
758,proje yonetimi,is_analizi_raporlama
759,raporlama,is_analizi_raporlama
760,analitik dusunen,is_analizi_raporlama
761,ingilizce,is_analizi_raporlama
762,scrum.cozum mimarilari,is_analizi_raporlama
763,hybris backoffice kokpitleri ,is_analizi_raporlama
764,surucu ehliyeti,is_analizi_raporlama
765,tibbi laboratuvar ,is_analizi_raporlama
766,bakteri,is_analizi_raporlama
767,office programlari,is_analizi_raporlama
768,veri yapilari,is_analizi_raporlama
769,office programlari,is_analizi_raporlama
770, proje yonetimi,is_analizi_raporlama
771,surec yonetimi,is_analizi_raporlama
772,scrum ,is_analizi_raporlama
773,waterfall ,is_analizi_raporlama
774,raporlama ,is_analizi_raporlama
775,analitik dusunen,is_analizi_raporlama
776, problem cozme yetenegine sahip ,is_analizi_raporlama
777,iletisim becerilerine sahip,is_analizi_raporlama
778,ekip calismasina yatkin,is_analizi_raporlama
779,analiz ,is_analizi_raporlama
780, test ,is_analizi_raporlama
781, akis aktivite diyagramlari,is_analizi_raporlama
782, kullanici senaryolari ,is_analizi_raporlama
783,urunleri test etmek ,is_analizi_raporlama
784,hata bulmak,is_analizi_raporlama
785,ingilizce,is_analizi_raporlama
786,sunum,is_analizi_raporlama
787,raporlama,is_analizi_raporlama
788,etik kurallari,is_analizi_raporlama
789,test yonetimi,is_analizi_raporlama
790,analiz,is_analizi_raporlama
791, sequence diagramlari,is_analizi_raporlama
792,bulut ,is_analizi_raporlama
793, otonom sistemler,is_analizi_raporlama
794,guvenlik ,is_analizi_raporlama
795, saas ,is_analizi_raporlama
796,cizelge olusturmak ,is_analizi_raporlama
797, proje planlama ,is_analizi_raporlama
798, test senaryolari ,is_analizi_raporlama
799,raporlama ,is_analizi_raporlama
800,yazilim cozumleri ,is_analizi_raporlama
801, analiz,is_analizi_raporlama
802,cagri merkezi,is_analizi_raporlama
803, scrum ,is_analizi_raporlama
804,analitik dusunme ,is_analizi_raporlama
805, guclu problem cozme ,is_analizi_raporlama
806,karar verme ,is_analizi_raporlama
807,cikarim yapabilme,is_analizi_raporlama
808,iletisim becerilerine sahip,is_analizi_raporlama
809,ekip calismasina uyumlu,is_analizi_raporlama
810,iletisim becerilerine sahip,is_analizi_raporlama
811, empati kurabilen,is_analizi_raporlama
812,analiz,is_analizi_raporlama
813,tasarim,is_analizi_raporlama
814, odeme sistemleri,is_analizi_raporlama
815, yazilim projeleri,is_analizi_raporlama
816, analiz,is_analizi_raporlama
817,kart temasli temassiz,is_analizi_raporlama
818, cbap ,is_analizi_raporlama
819,office programlari,is_analizi_raporlama
820,agile,is_analizi_raporlama
821, scrum ,is_analizi_raporlama
822, ogrenmeye istekli,is_analizi_raporlama
823, yuksek sorumluluk sahibi,is_analizi_raporlama
824,ingilizce ,is_analizi_raporlama
825,analiz ,is_analizi_raporlama
826,kullanici testleri,is_analizi_raporlama
827,tasarim,is_analizi_raporlama
828, akis diagramlarini ,is_analizi_raporlama
829, smartspy ,is_analizi_raporlama
830, akilli bilet sistemleri ,is_analizi_raporlama
831,otomasyon sistemleri ,is_analizi_raporlama
832,arac takip sistemleri,is_analizi_raporlama
833, kartli gecis sistemleri ,is_analizi_raporlama
834,kisi sayma sistemleri ,is_analizi_raporlama
835,inglizce,is_analizi_raporlama
836, fonksiyonel analiz,is_analizi_raporlama
837,arayuz tasarimi,is_analizi_raporlama
838, yazilim gelistirme surecleri ,is_analizi_raporlama
839,office programlari,is_analizi_raporlama
840, test senaryo teknikleri ,is_analizi_raporlama
841,analitik dusunen,is_analizi_raporlama
842, problem cozme yetkinligine sahip,is_analizi_raporlama
843,iletisim becerilerine sahip,is_analizi_raporlama
844, analizi surec metodolojileri,is_analizi_raporlama
845, proje yonetimi ,is_analizi_raporlama
846,yazilim surec yonetimi ,is_analizi_raporlama
847,raporlama ,is_analizi_raporlama
848,ekip calismasi,is_analizi_raporlama
849,raporlama,is_analizi_raporlama
850,yazilim gelistirme surecleri ,is_analizi_raporlama
851,agile ,is_analizi_raporlama
852,scrum ,is_analizi_raporlama
853,kanban ,is_analizi_raporlama
854,yazilim gelistirme,is_analizi_raporlama
855,analitik dusunen,is_analizi_raporlama
856,analitik dusunen,is_analizi_raporlama
857,office programlari,is_analizi_raporlama
858,inglizce,is_analizi_raporlama
859,sorumluluk sahibi,is_analizi_raporlama
860,iletisim becerilerine sahip,is_analizi_raporlama
861,insan iliskileri kuvvetli,is_analizi_raporlama
862, problem cozme,is_analizi_raporlama
863, analitik dusunene,is_analizi_raporlama
864, sonuc odakli,is_analizi_raporlama
865, raporlama ,is_analizi_raporlama
866,ingilizce ,is_analizi_raporlama
867,ihtiyac analizi,is_analizi_raporlama
868,sistem surec analizi,is_analizi_raporlama
869,analiz,is_analizi_raporlama
870,yazilim gelistirme,is_analizi_raporlama
871,isletim sistemi,is_analizi_raporlama
872, programlama dili java ,is_analizi_raporlama
873,veri tabanlari,is_analizi_raporlama
874, ,is_analizi_raporlama
875, security performance,is_analizi_raporlama
876, availability ,is_analizi_raporlama
877,reliability ,is_analizi_raporlama
878,redundancy ,is_analizi_raporlama
879,sonuc odakli ,is_analizi_raporlama
880,iletisim becerileri kuvvetli,is_analizi_raporlama
881,iletisim becerilerine sahip,is_analizi_raporlama
882,ingilizce,is_analizi_raporlama
883,sonuc odakli,is_analizi_raporlama
884,ekip calismasi,is_analizi_raporlama
885,cozum gelistirme,is_analizi_raporlama
886,yazilim gelistirme metodoloji,is_analizi_raporlama
887,iletisim becerilerine sahip,is_analizi_raporlama
888,kanal yonetimi analisti ,is_analizi_raporlama
889,agile ,is_analizi_raporlama
890,scrum ,is_analizi_raporlama
891,yazilim gelistirme ,is_analizi_raporlama
892,fonksiyonel teknik analiz ,is_analizi_raporlama
893,raporlama,is_analizi_raporlama
894,kavramsal dusunme yetenegi ,is_analizi_raporlama
895,sonuc odakli temsil yetenegin,is_analizi_raporlama
896,ikna etme,is_analizi_raporlama
897,ekip calismasi,is_analizi_raporlama
898,office programlari,is_analizi_raporlama
899,finans ,is_analizi_raporlama
900,sistem gelistirme ,is_analizi_raporlama
901, analitik dusunen,is_analizi_raporlama
902,problem cozme yetkinligine sahip,is_analizi_raporlama
903, oracle ,is_analizi_raporlama
904,raporlama ,is_analizi_raporlama
905, ikna,is_analizi_raporlama
906, iletisim yonu guclu ,is_analizi_raporlama
907,degisime ogrenmeye acik ,is_analizi_raporlama
908,yaratici ,is_analizi_raporlama
909,sonuc odakli,is_analizi_raporlama
910,ekip calismasi,is_analizi_raporlama
911,analiz,is_analizi_raporlama
912,raporlama,is_analizi_raporlama
913,analiz,sap
914,sistemlerin performansini takip etme,sap
915,verim artirici iyilestirmeler,sap
916,  stratejiler gelistirme,sap
917, veril yonetmek,sap
918,anket duzenlemek ,sap
919,veri analizi ,sap
920, pazarlama ,sap
921, raporlama,sap
922,office programlari,sap
923,iletisim becerilerine sahip,sap
924,arastirma yapma,sap
925,pazarlama,sap
926,office programlari,sap
927, autoline sistemi,sap
928, veri isleme,sap
929, retail,sap
930, debug ,sap
931,abap ,sap
932,analitik dusunen,sap
933, problem cozen,sap
934,ingilizce,sap
935,birim yoneticisi ,sap
936,raporlama,sap
937,abap ,sap
938, fiori ,sap
939,javascript,sap
940,yazilim gelistirme ,sap
941,spec ,sap
942, veri mimarisi ,sap
943,test surecleri,sap
944, problem cozme,sap
945,analitik dusunme,sap
946,ingilizce,sap
947,programsal hatalari problemleri cozmek,sap
948,raporlama,sap
949,yazilim gelistirme ,sap
950,analiz,sap
951,veri ambari ,sap
952,business objects ,sap
953,raporlama ,sap
954,veritabani yonetimi ,sap
955,test senaryolari uretme ,sap
956, analitik dusunen ,sap
957, raporlama,sap
958, hana sistemleri ,sap
959,cozum ureten,sap
960, iletisim becerilerine sahip,sap
961,ingilizce,sap
962,talep beklentilerin yonetilmesi ,sap
963,raporlama ,sap
964,ingilizce ,sap
965,spss ,sap
966,python,sap
967, veri madenciligi,sap
968, siniflandirma,sap
969, kumeleme ,sap
970, veri yonetimi,sap
971,veri tabani,sap
972,office programlari,sap
973, proje yonetimi,sap
974, abap,sap
975,ingilizce,sap
976,yurtici yurtdisi seyahat ,sap
977,ekip calismasina yatkin ,sap
978, analitik dusunen ,sap
979,kendini geistirmeye acik c,sap
980,guncel gelismeleri takip etmek,sap
981, risklerle ilgili etkin onlem almak,sap
982, ingilizce ,sap
983,abap,sap
984,sapui ,sap
985, script smart forms,sap
986,slcm ,sap
987,ingilizce,sap
988,analitik dusunen,sap
989, problem cozme yetkinligine sahip ,sap
990, iletisim becerilerine sahip ,sap
991,raporlama,sap
992,analiz ,sap
993,hata ayiklama,sap
994,  abap ,sap
995,ekip calismasina yatkin,sap
996, iletisim becerilerine sahip,sap
997,analitik dusunen,sap
998,problem cozme yetenegine sahip ,sap
999,zaman yonetiminde yetkin,sap
1000, arastirmaci,sap
1001, sorumluluk sahibi,sap
1002, ingilizce,sap
1003,office programlari,sap
1004,scrum ,sap
1005,mulakat anket saha analizi ,sap
1006,focus toplantilar,sap
1007,iveri akis diyagramlari,sap
1008,analitik dusunen,sap
1009,ekip calismasina yatkin ,sap
1010,iletisim becerilerine sahip,sap
1011,  ogrenmeye acik ,sap
1012,surec analizi ,sap
1013, modul danismanligin,sap
1014, full cycle proje deneyimi ,sap
1015,donusum surecleri,sap
1016,analitik dusunen,sap
1017,  iletisim yetenegine sahip ,sap
1018,ingilizce ,sap
1019,esnek calisma saatlerine uyumlu ,sap
1020,yurtici yurtdisi engeli olmayan,sap
1021,office programlari,sap
1022,full cycle ,sap
1023,ingilizce ,sap
1024, iletisim becerilerine sahip,sap
1025, analitik dusunen,sap
1026,ekip calismasina yatkin ,sap
1027,analiz ,sap
1028,raporlama,sap
1029,finansal,sap
1030, lojistik ,sap
1031,ingilizce ,sap
1032, esnek calisma saatlerine uyumlu y,sap
1033,urt yurt disi seyahat engeli olmayan,sap
1034, ekip calismasina yatkin ,sap
1035,analitik dusunen,sap
1036,finans ,sap
1037,muhasebe,sap
1038, raporlama ,sap
1039,esnek calisma saatleri,sap
1040,iletisim becerilerine sahip ,sap
1041,analitik dusunen ,sap
1042,ehliyet,sap
1043, aktif arac kullanabilen ,sap
1044,seyahat engeli olmayan,sap
1045, ingilizce ,sap
1046, analitik ,sap
1047,google adwords,sap
1048, google analytics ,sap
1049,adobe photoshop ,sap
1050,adobe illustrator ,sap
1051,adobe indesign,sap
1052, analitik dusunen,sap
1053, veri ambari ,sap
1054, office programlari,sap
1055,veri tabani,sap
1056,raporlanma,sap
1057,veri zenginlestirme ,sap
1058,siparis saha ziyaret raporu ,sap
1059,google adwords,sap
1060, google analytics ,sap
1061,dijital trendleri takip eden ,sap
1062,adobe photoshop,sap
1063, adobe illustrator ,sap
1064,adobe indesign ,sap
1065, analitik dusunen,sap
1066,veri ambari ,sap
1067, office programlari,sap
1068,segment stratejileri,sap
1069,raporlama,sap
1070,veri zenginlestirme ,sap
1071, crystal report programi,sap
1072, office programlari,sap
1073, analitik dusunen,sap
1074, iletisim becerilerine sahip,sap
1075, ingilizce ,sap
1076,optimize etme ,sap
1077,modul gelistirme,sap
1078, test egitim destek sureclerin,sap
1079,raporlama,sap
1080,analitik dusunen,sap
1081,veri ambari,sap
1082, office programlarin,sap
1083,microstrategy,sap
1084, proje yonetimi ,sap
1085,musteri anahtar performans gostergelerin raporlanmasi ,sap
1086,musteri veri kalitesinin korunmasi ,sap
1087, veri zenginlestirme ,sap
1088, kisiye ozel kampanyalar ,sap
1089,ingilizce,sap
1090, almanca ,sap
1091,shift sistemine uyumlu ,sap
1092, sorumluluk sahib,sap
1093,i analitik dusunen,sap
1094,sistem yonetimi ,sap
1095,operating system management,sap
1096, database management ,sap
1097,technical support ,sap
1098, canias deneyimi bulunan ,sap
1099,troia sorgulama diline hakim,sap
1100,ingilizce ,sap
1101,analitik dusunen ,sap
1102,ekip calismasina yatkin,sap
1103,surec analizi,sap
1104, reports publisher gelistirme ,sap
1105, java ,sap
1106,ekip calismasina yatkin,sap
1107,oracle ,sap
1108, raporlama,sap
1109, plsql publisher discoverer ,sap
1110,iletisim becerilerine sahip,sap
1111,uretim surecleri ,sap
1112,ingilizce ,sap
1113,ekip calismasina yatkin,sap
1114, gelisime acik ,sap
1115,esnek calisma saatlerine uyum saglayan,sap
1116,analiz,sap
1117,musteri beklentilerinin arastirilmasi ,sap
1118,kavramsal tasarim ,sap
1119,raporlama,sap
1120,office programlari,sap
1121,,sap
1122,ingilizce ,sap
1123,ogrenmeye acik,sap
1124, analitik,sap
1125, trendleri takip eden ,sap
1126,iletisim becerilerine sahip,sap
1127, analiz ,sap
1128,raporlama ,sap
1129,sunum ,sap
1130,office programlari,sap
1131,veritabani ,sap
1132,webservis,sap
1133, microsoft dynamics,sap
1134, powerbi,sap
1135, ingilizce,sap
1136,raporlama,sap
1137,successfactors modul danismani ,sap
1138,ingilizce ,sap
1139,ekip calismasina yatkin ,sap
1140,analitik dusunen,sap
1141, yeni teknolojileri takip eden,sap
1142, gelisime acik,sap
1143,  sonuc odakli,sap
1144, yurt yurt disi seyahat engeli bulunmayan,sap
1145,raporlama,sap
1146,modul danismani ,sap
1147,ingilizce,sap
1148,raporlama,sap
1149,iletisim becerilerine sahip,sap
1150, ekip calismasina yatkin ,sap
1151,analitik dusunen,sap
1152,proaktif bakis acisina sahip ,sap
1153,sonuc odakli,sap
1154, yurt yurt disi seyahat engeli bulunmayan,sap
1155,test egitim destek sureclerin,sap
1156,raporlama,sap
1157,hata ayiklama,sap
1158,abap ,sap
1159,ingilizce,sap
1160, ekip calismasina yatkin ,sap
1161,iletisim becerileri gelismis,sap
1162, arastirmaci ,sap
1163,ogrenmeye acik ,sap
1164,analitik dusunce yapisina sahip ,sap
1165,cozum odakli,sap
1166,ithalat bilgisine sahip,sap
1167,raporlama,sap
1168, server uzerinde sorgu view store procedure function yazabilecek duzeyde bilgi sahibi,sap
1169,windows server sistemlerine hakim ,sap
1170,ekip calismasina yatkin ,sap
1171, organizasyon becerisi yuksek ,sap
1172,excel uzerinde otomatik calisan raporlar hazirlanmasi,sap
1173,ingilizce,sap
1174, office programlari ,sap
1175,spss,sap
1176, yogun calisma temposuna uyum saglayabilen ,sap
1177,seyahat engeli bulunmayan,sap
1178,musteri davranislarini analiz eden,sap
1179,sepet analizleri ,sap
1180,musteri kaybi analizleri,sap
1181, veri madenciligi ,sap
1182,mailing operasyonlarini yonetmek,sap
1183, raporlama,sap
1184,veri madenciligi ,sap
1185,ingilizce,sap
1186,office programlari,sap
1187,veri cozumleme,sap
1188,gereksinim analizleri yapabilen ,sap
1189,iletisim becerilerine sahip,sap
1190, sadakat programi ,sap
1191,veri tabani,sap
1192,surec yonetimi ,sap
1193,surec analizi ,sap
1194,ingilizce,sap
1195,sureclerin iyilestirilmesi,sap
1196,fonksiyonel tasarim ,sap
1197,teknik tasarim t,sap
1198,est dokumanlarinin hazirlanmasi ,sap
1199, iyilestirme onerilerinde bulunmak ,sap
1200,yazilim gelistirme sureci,sap
1201,raporlama,sap
1202,data classification ,sap
1203,ingilizce,sap
1204, veri madenciligi ,sap
1205,analitik dusunen,sap
1206, problem cozme becerisi olan ,sap
1207,verileri analiz ,sap
1208,ekip calismasina yatkin ,sap
1209,yogun stresli calisma temposuna ayak uydurabilen ,sap
1210,raporlama,sap
1211, sunum,sap
1212, google analytics,sap
1213, mail marketing yonetimi,sap
1214, olcumleme raporlama yapilmasi ,sap
1215, veri analiz ,sap
1216,perakende sektorunde tecrubeli ,sap
1217,analitik ,sap
1218,analiz yetenegine sahip,sap
1219, office programlari,sap
1220, iletisim becerilerine sahip,sap
1221,seyahat engeli bulunmayan ,sap
1222,raporlama,sap
1223, esnek calisma saatlerine uyabilecek ,sap
1224,arastirmac,sap
1225,i hizli analitik dusunebilen,sap
1226, detaylara onem veren ,sap
1227,sonuc odakli ,sap
1228,proaktif ,sap
1229, siparis yonetimi ,sap
1230,sevkiyat stok yonetimi,sap
1231, faturalama,sap
1232, fiyatlama ,sap
1233,kampanya satis ,sap
1234, talep istekleri koordine eden,sap
1235,abap ,sap
1236, sistemsel tasarimin sureclerinin iyilestirmesin,sap
1237,raporlama,sap
1238,abap,sap
1239,ingilizce ,sap
1240,ekip calismasina yatkin,sap
1241, detaylara onem veren ,sap
1242,sonuc odakli ,sap
1243,proaktif ,sap
1244,analitik dusunen,sap
1245,ingilizce,sap
1246, problemleri analiz edip sistematik cozum uretebilen,sap
1247, seyahat engeli olmayan ,sap
1248,butce takibi,sap
1249,raporlama,sap
1250,insan iliskileri kuvvetli ,sap
1251,ekip calismasina yatkin ,sap
1252,analitik dusunen,sap
1253,lojistik ,sap
1254, full cycle,sap
1255,proje yonetimi,sap
1256, kaynaklarin verimli kullanimi,sap
1257,profesyonel deneyim sahibi ,sap
1258,ekip calismasina yatkin,sap
1259,analitik dusunen,sap
1260, arastirmayi seven,sap
1261, cozum odakli,sap
1262,iletisim yonu kuvvetli,sap
1263,ingilizce,sap
1264,teknik ekiplerle iletisime gecmek,sap
1265, analiz,sap
1266, tasarim ,sap
1267,test ,sap
1268,yazilim gelistirme yasam dongusunun asamalarini desteklemek ,sap
1269,proje yonetimi ,sap
1270,analiz ,sap
1271,problem cozme becerisi yuksek,sap
1272, sonuc odakli ,sap
1273,proaktif ,sap
1274,sorumluluk sahibi ,sap
1275,dikkatli ,sap
1276,detaylara onem,sap
1277, uretim surecleri konusunda bilgili,sap
1278,  modul uzmani ,sap
1279,analist,sap
1280, analitik dusunen,sap
1281,seyahat engeli bulunmayan,sap
1282,raporlama,sap
1283, cozum onerilerinde bulunma,sap
1284,analitik dusunen,sap
1285,yaratici ,sap
1286,ogrenmeye acik,sap
1287, ekip calismasina yatkin,sap
1288, sonuc odakli ,sap
1289,muhasebe,sap
1290, finans ,sap
1291,depo yonetimi ,sap
1292,server ,sap
1293, office programlari,sap
1294, iyilestirme gelistirme bakis acisina sahip ,sap
1295,sonuc odakli ,sap
1296,yeni teknolojileri takip eden ,sap
1297, sigara kullanmayan ,sap
1298, entegrasyon ,sap
1299, tecrubeli ,sap
1300, hizli kavrama yetenegi olan,sap
1301,java,sap
1302,ingilizce ,sap
1303,full cycle proje deneyimi olan,sap
1304, seyahat engeli bulunmayan ,sap
1305,ingilizce ,sap
1306,ekip calismasina yatkin ,sap
1307,kendini gelistiren,sap
1308,iletisim becerilerine sahip,sap
1309, detaylara onem veren,sap
1310, sonuc odakli ,sap
1311,proaktif ,sap
1312,analitik dusunen,sap
1313,zaman yonetiminde hassas olan,sap
1314, esnek calisma saatlerine uyabilecek ,sap
1315,optimizasyon,sap
1316,proje yoneticisi deneyimine sahip ,sap
1317,office programlari ,sap
1318,microsoft dynamics ,sap
1319,raporlama,sap
1320, ,sap
1321,ingilizce,sap
1322,iyilestirme ,sap
1323,cozum ureten,sap
1324,letisim becerilerine sahip,sap
1325, sunum becerileri gelismis ,sap
1326,analitik dusunen ,sap
1327, problem cozme becerisi yuksek ,sap
1328,gelisen trendleri takip eden,sap
1329, yenilikci projeler getiren,sap
1330, ,sap
1331,veri analizleri yapmak ,sap
1332,ingilizce ,sap
1333,daha once devreye alma projesi yonetmis,sap
1334, uretim,sap
1335, planlama ,sap
1336,uretim surec yonetimi ,sap
1337, server veritabani ,sap
1338,ekip calismasina yatkin ,sap
1339,iletisim becerileri olan,sap
1340, insan iliskileri kuvvetli ,sap
1341,problem cozme yetenegine sahip ,sap
1342,proaktif ,sap
1343,sonuc odakli ,sap
1344, analitik dusunen,sap
1345,raporlama ,sap
1346,yeni teknolojileri yakindan takip eden ,sap
1347,kendini gelistirmeye acik ,sap
1348,karlilik analizi ,sap
1349,raporlama ,sap
1350,analitik dusunen,sap
1351, sonuc odakli ,sap
1352,detaylara hakim ,sap
1353,iletisim becerilerine sahip ,sap
1354,kullanicilara destek egitim vermek ,sap
1355, kanuni mevzuati takip edip mikro versiyon guncellemelerini yapmak,sap
1356, muhasebe,sap
1357,iletisim becerilerine sahip,sap
1358,ingilizce,sap
1359,yogun tempoya ayak uydurabilen,sap
1360, esnek calisma saatlerine uyum saglayabilen,sap
1361, iletisim becerisine sahip,sap
1362,cozum odakli,sap
1363,abap ,sap
1364,ihtiyac analizi ,sap
1365, fizibilite,sap
1366,kaynaklarin dogru sekilde kullanilmasinin saglanmasi ,sap
1367,onceliklendirme yapma,sap
1368, veri aktarimini tasarlamak ,sap
1369, egitim belgelerini hazirlamak ,sap
1370, analiz dokumantasyonun hazirlanmasi,sap
1371, test senaryolarini olusturmak ,sap
1372, finans ,sap
1373,anahtar kullanicilara destek verilmesi ,sap
1374,ihtiyac duyulan program raporlarin hazirlanmasi,sap
1375,  calismalarin koordinasyonu ,sap
1376,modul tecrubesi olan,sap
1377, analitik bakis acisina sahip,sap
1378, sonuc odakli ,sap
1379,problem cozme yetkinligi olan ,sap
1380,iletisim becerisine sahip ,sap
1381,ekip calismasina yatkin ,sap
1382,esnek calisma saatlerine uyum saglayabilen,sap
1383,abap uzmani,sap
1384, kampanya yonetimi ,sap
1385,raporlama,sap
1386, ingilizce,sap
1387,office programlari ,sap
1388, spss ,sap
1389, organizasyon becerisine sahip ,sap
1390,musteri memnuniyeti yaklasimini benimsemis,sap
1391, musteri davranislarini analiz ederek analizler dogrultusunda gelistirme sunan,sap
1392, sepet analizi ,sap
1393,musteri kaybi analizi,sap
1394, veri madenciligi ,sap
1395,musteri hareketlerini analiz etmek ,sap
1396,office programlari,sap
1397, raporlama ,sap
1398,analiz ,sap
1399,sunum ,sap
1400,analitik dusunen,sap
1401,  pazarlama,sap
1402, ekip calismasinda basarili,sap
1403, iletisim becerilerine sahip ,sap
1404,insan iliskileri kuvvetli ,sap
1405,proje yonetimi,sap
1406, veri  tabanini ,sap
1407, veri kalitesini iyilestirmek ,sap
1408, kampanya sonuclarini raporlamak analizlerini yapmak,sap
1409,musteri analiz raporlarini olusturmak ,sap
1410,raporlama,sap
1411,ingilizce ,sap
1412,ekip calismasina yatkin,sap
1413, esnek calisma saatlerine uyum saglayabilecek,sap
1414, yurtici yurtdisi seyahat engeli olmayan,sap
1415, analitik dusunen,sap
1416, kendini gelistirmeye acik ,sap
1417,modul sorumlusu,sap
1418, ingilizce ,sap
1419,office programlari,sap
1420,iletisim becerisi guclu,sap
1421, proaktif ,sap
1422,sonuc odakli ,sap
1423,ekip calismasina yatkin ,sap
1424,planlama,sap
1425, takip ,sap
1426,raporlama,sap
1427, seyahat engeli olmayan,sap
1428,veri bakimi,sap
1429,musteri analizi,sap
1430, veri analizi ,sap
1431,veri madenciligi,sap
1432, raporlama ,sap
1433,sunum ,sap
1434,script yazma,sap
1435,office programlari,sap
1436,musteri davranis takibi ,sap
1437,verilerin takip edilmesi ,sap
1438, gorsellestirme,sap
1439,  spss statistics ,sap
1440,spss modeler ,sap
1441, python ,sap
1442,google analytics ,sap
1443,adobe analytics countly ,sap
1444, veri tabani,sap
1445,verilerin toplanmasi ,sap
1446,abap ,sap
1447,ingilizce ,sap
1448,fiori ,sap
1449,yazilim gelistirme ,sap
1450,veri mimarisi,sap
1451,  problem cozmede yaratici ,sap
1452,analitik dusunen,sap
1453,ingilizce,sap
1454,maliyet karlilik analizi,sap
1455, muhasebe ,sap
1456,finans ,sap
1457, analitik dusunen,sap
1458, iletisim becerileri yuksek ,sap
1459,zaman yonetiminde basarili ,sap
1460,arastirmaci,sap
1461, sorumluluk sahibi ,sap
1462,raporlama ,sap
1463, maliyet analizlerini yaparak urunun maliyet detaylarini analiz etmek ,sap
1464,finans,sap
1465,muhasebe,sap
1466, ingilizce ,sap
1467, ekip calismasina yatkin,sap
1468,analitik dusunen,sap
1469,  iletisim becerilerine sahip,sap
1470, zaman yonetiminde basarili,sap
1471,  office programlari,sap
1472,arastirmaci ,sap
1473,sorumluluk sahibi ,sap
1474, modul uzmani,sap
1475,modul bilgisi bulunan,sap
1476, ekip calismasina yatkin,sap
1477, iletisim becerisine sahip ,sap
1478,ingilizce,sap
1479, ihtiyaclari dogrultusunda cozum uretebilen,sap
1480, problemlerin analizi ,sap
1481,fonksiyonel danisman ,sap
1482, ingilizce ,sap
1483,kendini gelistirmeye acik ,sap
1484,analitik dusunen,sap
1485, ekip calismasina yatkin,sap
1486,retail,sap
1487,office programlari,sap
1488,kendini gelistirmeye acik ,sap
1489,analitik dusunen,sap
1490, problem cozumu koordinasyon becerileri gelismis ,sap
1491,iletisim becerisine sahip ,sap
1492,cobit disiplininde calismis,sap
1493, satinalma depo yonetimi ,sap
1494,kalite sevkiyat sureclerine hakim ,sap
1495,perakende sektoru,sap
1496, stok depo yonetimi,sap
1497, retail office programlarina ,sap
1498,ogrenmeye kendini gelistirmeye acik ,sap
1499,analitik dusunen,sap
1500, problem cozumu koordinasyon becerileri gelismis ,sap
1501, iletisim becerisine sahip ,sap
1502,cobit disiplininde calismis ,sap
1503,depo yonetimi ,sap
1504,kalite ,sap
1505,sevkiyat ,sap
1506,satin alma ,sap
1507, perakende sektoru,sap
1508, finans ,sap
1509,maliyet muhasebesi ,sap
1510,duran varlik yonetimi ,sap
1511,karlilik gayrimenkul yonetimi,sap
1512,  proje yoneticisi ,sap
1513, full cycle ,sap
1514,analitik dusunen,sap
1515,musteri ihtiyaclari dogrultusunda cozum uretebilen ,sap
1516,ekip calismasina yatkin,sap
1517,  iletisim becerileri olan,sap
1518, ingilizce ,sap
1519,esnek calisma saatlerine uyum gosterebilen,sap
1520,yurtici seyahat engeli olmayan,sap
1521,modul deneyim sahibi,sap
1522,modul bilgisi olan ,sap
1523,iletisim becerilerine sahip ,sap
1524,ingilizce,sap
1525,satis sevkiyat fiyatlandirma ,sap
1526,faturalama ,sap
1527,irsaliye sureclerindeki tasarimlari yapmak,sap
1528, fatura,sap
1529, arsiv fatura,sap
1530,  abap uzmani birlikte calismak ,sap
1531,sureclerinin analiz edilmesi ,sap
1532,problemlerin analiz edilmesi,sap
1533,ingilizce,sap
1534,almanca,sap
1535,yazilim gelistirme tecrubesine sahip,sap
1536, mssql ,sap
1537, troia yazilim diline hakim ,sap
1538,android isletim sistem,sap
1539,analitik ,sap
1540,dinamik ,sap
1541,cozum odakli ,sap
1542,hedef odakli ,sap
1543,neden sonuc iliskisini kurabilen ,sap
1544,yuksek tempolu calisma ortamina uyum saglayabilen,sap
1545, merakli ,sap
1546,arastirmaci ,sap
1547,sorgulayici,sap
1548, proje yonetim tecrubesine sahip ,sap
1549,kendini gelistirmeye istekli ,sap
1550,sektorel gelismeleri takip eden ,sap
1551,surekli iyilestirme yaklasimina sahip ,sap
1552,grup yoneticisi,sap
1553,  abap,sap
1554,basis ,sap
1555, fiori ,sap
1556,abap object orient ,sap
1557,servis olusturma,sap
1558, consume etme ,sap
1559,sistem mimarisi yonetimi konusunda tecrubeli ,sap
1560,analitik dusunen,sap
1561, problem cozme becerisi yuksek ,sap
1562,guclu iletisim yetenegi olan ,sap
1563,yeni teknolojileri konusunda bilgi sahibi ,sap
1564, ogrenmeye acik,sap
1565, abap,sap
1566, webdynpro ,sap
1567,brfplus ,sap
1568, analitik dusunen,sap
1569,ingilizce ,sap
1570,esnek calisma saatlerine uyabilecek ,sap
1571,ekip calismasina yatkin,sap
1572,seyahat engeli olmayan ozellikle ,sap
1573,ingilizce,sap
1574,otomotiv sektoru,sap
1575, proje yonetimi ,sap
1576, ekip calismasina yatkin ,sap
1577, iletisim becerisine sahip,sap
1578, analitik dusunen,sap
1579, problem cozme ,sap
1580,karar alma ,sap
1581,planlama becerisine sahip ,sap
1582,  projelerin surec takibi,sap
1583, almanca,sap
1584, danisman,sap
1585,seyahat etme kisiti olmayan ,sap
1586,uluslararasi projelerde calismak isteyen ,sap
1587,deneyimli ,sap
